vehiculo_id,fecha,hora,latitud,longitud
VEH0001,2025-07-01,12:15:50,40.708086,-3.005848
VEH0001,2025-07-01,12:15:02,40.756834,-3.259919
VEH0001,2025-07-01,23:25:35,40.971405,-3.015571
VEH0001,2025-07-01,04:16:08,40.485481,-3.563369
VEH0001,2025-07-01,18:03:21,40.769117,-3.191987
VEH0001,2025-07-01,07:48:38,40.230442,-3.516006
VEH0001,2025-07-01,05:58:21,40.223968,-3.265557
VEH0001,2025-07-01,14:38:35,40.163105,-3.599879
VEH0001,2025-07-01,04:02:32,40.107331,-3.09001
VEH0001,2025-07-01,08:25:27,40.827686,-3.437141
VEH0001,2025-07-02,19:58:24,40.864117,-3.249181
VEH0001,2025-07-02,15:32:30,40.399074,-3.011687
VEH0001,2025-07-02,16:45:43,40.052889,-3.467577
VEH0001,2025-07-02,07:27:16,40.059813,-3.922245
VEH0001,2025-07-02,14:16:18,40.893181,-3.76408
VEH0001,2025-07-02,01:55:57,40.355791,-3.662682
VEH0001,2025-07-02,16:04:08,40.69841,-3.77429
VEH0001,2025-07-02,04:23:55,40.930585,-3.158338
VEH0001,2025-07-02,13:06:52,40.722661,-3.693122
VEH0001,2025-07-02,19:47:59,40.021376,-3.368012
VEH0001,2025-07-03,12:21:47,40.205221,-3.375093
VEH0001,2025-07-03,16:11:07,40.091641,-3.197764
VEH0001,2025-07-03,12:31:16,40.527013,-3.032851
VEH0001,2025-07-03,11:35:16,40.243346,-3.50617
VEH0001,2025-07-03,16:43:59,40.933909,-3.805629
VEH0001,2025-07-03,20:20:12,40.229099,-3.945555
VEH0001,2025-07-03,20:53:40,40.594241,-3.391743
VEH0001,2025-07-03,14:10:57,40.969814,-3.69272
VEH0001,2025-07-03,18:41:59,40.694676,-3.467218
VEH0001,2025-07-03,14:21:55,40.289602,-3.515758
VEH0001,2025-07-04,07:01:36,40.265437,-3.745334
VEH0001,2025-07-04,09:07:54,40.095034,-3.851619
VEH0001,2025-07-04,21:56:43,40.988049,-3.109092
VEH0001,2025-07-04,19:28:18,40.589817,-3.164083
VEH0001,2025-07-04,14:12:29,40.03392,-3.827276
VEH0001,2025-07-04,11:18:42,40.377522,-3.728928
VEH0001,2025-07-04,15:23:29,40.199385,-3.049485
VEH0001,2025-07-04,02:16:16,40.860776,-3.564925
VEH0001,2025-07-04,03:14:20,40.003676,-3.461755
VEH0001,2025-07-04,07:59:05,40.396138,-3.789164
VEH0002,2025-07-01,09:27:10,40.147963,-3.623824
VEH0002,2025-07-01,23:30:42,40.575488,-3.551937
VEH0002,2025-07-01,18:16:49,40.715528,-3.308396
VEH0002,2025-07-01,10:39:13,40.804037,-3.72469
VEH0002,2025-07-01,01:06:41,40.137926,-3.126147
VEH0002,2025-07-01,03:28:16,40.87683,-3.078136
VEH0002,2025-07-01,10:47:58,40.784245,-3.310647
VEH0002,2025-07-01,15:19:55,40.415734,-3.251095
VEH0002,2025-07-01,20:15:27,40.877781,-3.567013
VEH0002,2025-07-01,00:52:40,40.3313,-3.298021
VEH0002,2025-07-02,15:18:24,40.467726,-3.927574
VEH0002,2025-07-02,05:29:47,40.680885,-3.010368
VEH0002,2025-07-02,07:29:21,40.1383,-3.549927
VEH0002,2025-07-02,21:23:57,40.365499,-3.993599
VEH0002,2025-07-02,22:48:18,40.290544,-3.867869
VEH0002,2025-07-02,02:48:44,40.307153,-3.210344
VEH0002,2025-07-02,02:17:56,40.585499,-3.842107
VEH0002,2025-07-02,16:34:14,40.184145,-3.260431
VEH0002,2025-07-02,23:33:38,40.485817,-3.833192
VEH0002,2025-07-02,05:24:03,40.872623,-3.030539
VEH0002,2025-07-03,20:31:29,40.875589,-3.892095
VEH0002,2025-07-03,02:02:17,40.028816,-3.611787
VEH0002,2025-07-03,13:48:08,40.677809,-3.260767
VEH0002,2025-07-03,08:34:35,40.793846,-3.360868
VEH0002,2025-07-03,21:41:51,40.193438,-3.593997
VEH0002,2025-07-03,00:20:07,40.192287,-3.484676
VEH0002,2025-07-03,08:14:00,40.303439,-3.336174
VEH0002,2025-07-03,04:21:19,40.467939,-3.271693
VEH0002,2025-07-03,22:07:21,40.543437,-3.524779
VEH0002,2025-07-03,18:40:14,40.280988,-3.820961
VEH0002,2025-07-04,02:47:38,40.692664,-3.575923
VEH0002,2025-07-04,20:21:28,40.112455,-3.843091
VEH0002,2025-07-04,20:12:05,40.106806,-3.833551
VEH0002,2025-07-04,03:44:15,40.73514,-3.03494
VEH0002,2025-07-04,12:41:08,40.30941,-3.654493
VEH0002,2025-07-04,05:29:16,40.354456,-3.783418
VEH0002,2025-07-04,15:10:39,40.692343,-3.225972
VEH0002,2025-07-04,19:34:10,40.990303,-3.712681
VEH0002,2025-07-04,22:21:07,40.491723,-3.266205
VEH0002,2025-07-04,07:34:12,40.734765,-3.464922
VEH0003,2025-07-01,20:48:01,40.198065,-3.030412
VEH0003,2025-07-01,22:37:48,40.467659,-3.068595
VEH0003,2025-07-01,01:20:36,40.58545,-3.923996
VEH0003,2025-07-01,04:02:48,40.111481,-3.805947
VEH0003,2025-07-01,12:50:29,40.86475,-3.38913
VEH0003,2025-07-01,18:56:02,40.301117,-3.452033
VEH0003,2025-07-01,01:12:00,40.593644,-3.383582
VEH0003,2025-07-01,22:21:13,40.801023,-3.260241
VEH0003,2025-07-01,03:13:27,40.025485,-3.939863
VEH0003,2025-07-01,21:04:22,40.486083,-3.191974
VEH0003,2025-07-02,01:19:39,40.642859,-3.975325
VEH0003,2025-07-02,03:37:17,40.174147,-3.317914
VEH0003,2025-07-02,05:19:20,40.292323,-3.712513
VEH0003,2025-07-02,07:45:37,40.971522,-3.757865
VEH0003,2025-07-02,12:09:02,40.229442,-3.321761
VEH0003,2025-07-02,20:13:28,40.746387,-3.480931
VEH0003,2025-07-02,00:11:54,40.879982,-3.622305
VEH0003,2025-07-02,01:38:02,40.029622,-3.308133
VEH0003,2025-07-02,15:58:33,40.109578,-3.006
VEH0003,2025-07-02,18:50:29,40.564911,-3.960561
VEH0003,2025-07-03,12:39:08,40.571229,-3.859731
VEH0003,2025-07-03,00:56:33,40.425414,-3.343675
VEH0003,2025-07-03,19:15:53,40.820092,-3.366377
VEH0003,2025-07-03,01:46:14,40.051879,-3.759642
VEH0003,2025-07-03,10:05:12,40.134208,-3.054599
VEH0003,2025-07-03,02:40:23,40.027356,-3.73015
VEH0003,2025-07-03,13:38:44,40.058445,-3.675704
VEH0003,2025-07-03,16:34:32,40.599329,-3.756693
VEH0003,2025-07-03,01:22:26,40.106089,-3.420478
VEH0003,2025-07-03,11:53:09,40.498346,-3.804243
VEH0003,2025-07-04,15:58:42,40.343957,-3.906801
VEH0003,2025-07-04,23:14:13,40.682256,-3.059634
VEH0003,2025-07-04,05:35:52,40.602581,-3.463247
VEH0003,2025-07-04,19:36:26,40.531104,-3.369922
VEH0003,2025-07-04,02:26:30,40.450815,-3.385248
VEH0003,2025-07-04,05:00:57,40.13548,-3.575337
VEH0003,2025-07-04,02:36:29,40.749039,-3.705495
VEH0003,2025-07-04,20:13:29,40.881843,-3.241997
VEH0003,2025-07-04,14:44:19,40.486068,-3.057848
VEH0003,2025-07-04,05:50:37,40.642659,-3.783505
VEH0004,2025-07-01,20:52:44,40.745319,-3.009111
VEH0004,2025-07-01,18:19:13,40.819663,-3.4333
VEH0004,2025-07-01,07:00:44,40.06979,-3.668673
VEH0004,2025-07-01,22:17:59,40.579234,-3.046031
VEH0004,2025-07-01,16:46:06,40.339474,-3.777709
VEH0004,2025-07-01,17:54:52,40.786101,-3.43973
VEH0004,2025-07-01,07:58:47,40.464069,-3.103132
VEH0004,2025-07-01,20:55:56,40.314886,-3.493548
VEH0004,2025-07-01,14:26:52,40.418653,-3.427256
VEH0004,2025-07-01,08:42:47,40.836584,-3.171763
VEH0004,2025-07-02,19:00:23,40.471259,-3.889538
VEH0004,2025-07-02,21:10:38,40.909704,-3.561424
VEH0004,2025-07-02,07:25:07,40.017937,-3.424753
VEH0004,2025-07-02,00:19:09,40.63845,-3.598794
VEH0004,2025-07-02,10:37:47,40.89282,-3.159434
VEH0004,2025-07-02,09:05:11,40.102513,-3.072211
VEH0004,2025-07-02,10:01:08,40.133451,-3.906578
VEH0004,2025-07-02,19:24:11,40.552018,-3.440279
VEH0004,2025-07-02,02:19:53,40.479292,-3.326632
VEH0004,2025-07-02,12:38:20,40.984039,-3.946954
VEH0004,2025-07-03,12:45:54,40.183631,-3.753937
VEH0004,2025-07-03,06:18:55,40.70779,-3.019762
VEH0004,2025-07-03,17:18:19,40.752558,-3.852187
VEH0004,2025-07-03,10:44:56,40.213869,-3.774777
VEH0004,2025-07-03,03:56:36,40.303136,-3.546954
VEH0004,2025-07-03,12:00:36,40.362508,-3.787257
VEH0004,2025-07-03,02:35:28,40.494596,-3.921604
VEH0004,2025-07-03,14:27:38,40.381862,-3.790239
VEH0004,2025-07-03,23:34:59,40.859078,-3.891545
VEH0004,2025-07-03,19:25:54,40.760082,-3.214152
VEH0004,2025-07-04,23:57:06,40.876083,-3.355016
VEH0004,2025-07-04,15:02:27,40.053303,-3.561867
VEH0004,2025-07-04,08:57:02,40.106513,-3.05658
VEH0004,2025-07-04,17:13:43,40.28989,-3.663953
VEH0004,2025-07-04,01:35:34,40.241239,-3.226372
VEH0004,2025-07-04,20:48:59,40.218911,-3.378847
VEH0004,2025-07-04,11:15:49,40.588343,-3.958691
VEH0004,2025-07-04,21:14:47,40.134022,-3.258578
VEH0004,2025-07-04,07:25:23,40.075089,-3.35807
VEH0004,2025-07-04,02:29:01,40.535833,-3.299064
VEH0005,2025-07-01,08:43:23,40.140241,-3.65273
VEH0005,2025-07-01,06:38:54,40.127003,-3.455219
VEH0005,2025-07-01,14:15:05,40.191815,-3.226582
VEH0005,2025-07-01,19:19:25,40.444525,-3.14603
VEH0005,2025-07-01,14:23:36,40.33681,-3.904108
VEH0005,2025-07-01,07:37:09,40.22112,-3.205739
VEH0005,2025-07-01,07:07:57,40.763022,-3.217765
VEH0005,2025-07-01,11:45:48,40.632475,-3.399091
VEH0005,2025-07-01,14:24:30,40.925971,-3.01467
VEH0005,2025-07-01,17:15:06,40.160142,-3.443473
VEH0005,2025-07-02,12:51:53,40.483249,-3.308279
VEH0005,2025-07-02,03:00:21,40.772473,-3.214367
VEH0005,2025-07-02,20:22:12,40.137026,-3.845386
VEH0005,2025-07-02,09:09:37,40.87152,-3.505211
VEH0005,2025-07-02,05:56:40,40.088862,-3.378858
VEH0005,2025-07-02,16:33:33,40.856523,-3.279999
VEH0005,2025-07-02,15:20:06,40.564631,-3.673677
VEH0005,2025-07-02,15:44:17,40.319487,-3.465334
VEH0005,2025-07-02,22:14:32,40.692491,-3.065069
VEH0005,2025-07-02,05:58:35,40.267916,-3.431345
VEH0005,2025-07-03,05:29:39,40.956465,-3.118339
VEH0005,2025-07-03,04:19:49,40.126808,-3.437331
VEH0005,2025-07-03,22:19:24,40.026716,-3.204368
VEH0005,2025-07-03,01:54:38,40.811594,-3.122494
VEH0005,2025-07-03,09:50:44,40.898809,-3.205818
VEH0005,2025-07-03,14:52:07,40.034902,-3.116018
VEH0005,2025-07-03,10:51:09,40.870499,-3.003998
VEH0005,2025-07-03,02:25:57,40.714567,-3.258744
VEH0005,2025-07-03,04:48:11,40.844025,-3.16091
VEH0005,2025-07-03,02:42:56,40.88083,-3.375339
VEH0005,2025-07-04,03:58:24,40.519072,-3.042147
VEH0005,2025-07-04,07:24:19,40.749798,-3.310226
VEH0005,2025-07-04,08:52:42,40.878196,-3.661365
VEH0005,2025-07-04,19:33:21,40.646936,-3.314722
VEH0005,2025-07-04,10:13:32,40.869587,-3.905702
VEH0005,2025-07-04,20:43:09,40.745611,-3.503198
VEH0005,2025-07-04,22:53:27,40.419537,-3.763838
VEH0005,2025-07-04,13:36:04,40.968852,-3.256966
VEH0005,2025-07-04,17:04:56,40.473238,-3.259243
VEH0005,2025-07-04,12:22:45,40.57044,-3.984233
VEH0006,2025-07-01,10:55:05,40.908946,-3.077458
VEH0006,2025-07-01,05:34:32,40.503583,-3.590694
VEH0006,2025-07-01,10:31:42,40.9246,-3.412542
VEH0006,2025-07-01,13:48:46,40.983221,-3.058056
VEH0006,2025-07-01,21:12:15,40.849096,-3.816644
VEH0006,2025-07-01,11:09:21,40.203218,-3.882121
VEH0006,2025-07-01,14:29:52,40.749002,-3.342824
VEH0006,2025-07-01,11:10:58,40.843514,-3.789495
VEH0006,2025-07-01,15:13:25,40.419609,-3.151011
VEH0006,2025-07-01,15:04:11,40.35847,-3.687801
VEH0006,2025-07-02,23:27:16,40.563944,-3.765744
VEH0006,2025-07-02,06:55:10,40.226018,-3.688544
VEH0006,2025-07-02,17:23:15,40.755244,-3.43267
VEH0006,2025-07-02,07:36:28,40.415852,-3.083417
VEH0006,2025-07-02,20:11:59,40.11629,-3.726417
VEH0006,2025-07-02,14:28:09,40.28083,-3.072716
VEH0006,2025-07-02,08:34:08,40.6655,-3.845288
VEH0006,2025-07-02,21:23:58,40.40039,-3.261932
VEH0006,2025-07-02,09:24:56,40.634811,-3.917788
VEH0006,2025-07-02,19:18:48,40.267433,-3.925502
VEH0006,2025-07-03,18:55:23,40.238784,-3.570305
VEH0006,2025-07-03,12:25:54,40.084149,-3.264585
VEH0006,2025-07-03,11:13:18,40.319558,-3.660061
VEH0006,2025-07-03,06:50:17,40.476013,-3.604652
VEH0006,2025-07-03,12:16:59,40.685446,-3.216309
VEH0006,2025-07-03,21:41:37,40.799735,-3.305921
VEH0006,2025-07-03,10:04:39,40.046367,-3.850787
VEH0006,2025-07-03,00:01:08,40.545092,-3.801793
VEH0006,2025-07-03,16:24:23,40.56178,-3.229116
VEH0006,2025-07-03,21:52:13,40.224571,-3.929115
VEH0006,2025-07-04,23:42:30,40.409939,-3.32155
VEH0006,2025-07-04,02:50:24,40.08498,-3.001721
VEH0006,2025-07-04,01:46:34,40.095455,-3.681681
VEH0006,2025-07-04,19:49:30,40.285843,-3.431018
VEH0006,2025-07-04,03:08:48,40.34902,-3.797883
VEH0006,2025-07-04,13:02:40,40.582731,-3.870681
VEH0006,2025-07-04,02:54:43,40.826184,-3.427041
VEH0006,2025-07-04,19:05:40,40.110181,-3.601073
VEH0006,2025-07-04,18:03:20,40.078212,-3.830498
VEH0006,2025-07-04,15:09:45,40.482573,-3.851819
VEH0007,2025-07-01,20:33:24,40.093838,-3.21862
VEH0007,2025-07-01,05:05:47,40.893005,-3.853009
VEH0007,2025-07-01,21:00:08,40.123635,-3.454495
VEH0007,2025-07-01,01:24:42,40.216402,-3.843125
VEH0007,2025-07-01,23:23:56,40.108909,-3.262941
VEH0007,2025-07-01,09:34:17,40.204477,-3.649297
VEH0007,2025-07-01,16:24:15,40.383467,-3.482462
VEH0007,2025-07-01,08:12:21,40.053858,-3.919273
VEH0007,2025-07-01,10:48:27,40.951554,-3.034178
VEH0007,2025-07-01,13:55:51,40.446145,-3.013198
VEH0007,2025-07-02,20:10:53,40.821847,-3.640265
VEH0007,2025-07-02,03:01:43,40.245834,-3.428893
VEH0007,2025-07-02,05:14:50,40.930669,-3.606489
VEH0007,2025-07-02,11:02:25,40.796838,-3.631475
VEH0007,2025-07-02,15:01:58,40.649552,-3.579425
VEH0007,2025-07-02,03:59:45,40.661932,-3.176566
VEH0007,2025-07-02,13:46:20,40.813681,-3.299586
VEH0007,2025-07-02,04:06:13,40.93736,-3.830162
VEH0007,2025-07-02,16:35:18,40.312911,-3.733084
VEH0007,2025-07-02,07:15:12,40.278594,-3.366413
VEH0007,2025-07-03,19:09:07,40.422296,-3.077974
VEH0007,2025-07-03,08:25:04,40.766096,-3.206693
VEH0007,2025-07-03,05:07:32,40.166268,-3.462929
VEH0007,2025-07-03,13:03:57,40.448424,-3.753278
VEH0007,2025-07-03,13:01:56,40.813934,-3.052906
VEH0007,2025-07-03,22:43:45,40.815682,-3.975846
VEH0007,2025-07-03,22:28:36,40.164042,-3.241946
VEH0007,2025-07-03,12:26:19,40.264236,-3.157559
VEH0007,2025-07-03,20:18:07,40.364797,-3.389714
VEH0007,2025-07-03,16:36:49,40.037212,-3.463691
VEH0007,2025-07-04,11:39:18,40.773459,-3.975415
VEH0007,2025-07-04,07:50:52,40.55217,-3.743846
VEH0007,2025-07-04,11:07:04,40.386169,-3.710129
VEH0007,2025-07-04,05:30:15,40.371522,-3.929257
VEH0007,2025-07-04,07:11:14,40.380378,-3.370686
VEH0007,2025-07-04,09:55:24,40.730672,-3.895517
VEH0007,2025-07-04,12:23:20,40.166942,-3.320128
VEH0007,2025-07-04,19:12:35,40.622017,-3.733831
VEH0007,2025-07-04,23:33:00,40.347091,-3.277818
VEH0007,2025-07-04,23:16:16,40.888501,-3.06733
VEH0008,2025-07-01,08:56:34,40.871209,-3.649032
VEH0008,2025-07-01,08:06:27,40.074273,-3.603221
VEH0008,2025-07-01,09:08:34,40.686818,-3.462194
VEH0008,2025-07-01,23:51:43,40.846188,-3.889443
VEH0008,2025-07-01,09:40:37,40.750524,-3.490879
VEH0008,2025-07-01,08:10:03,40.837573,-3.825297
VEH0008,2025-07-01,09:24:30,40.275384,-3.649702
VEH0008,2025-07-01,09:30:26,40.302813,-3.724853
VEH0008,2025-07-01,15:12:39,40.387962,-3.900514
VEH0008,2025-07-01,22:25:28,40.993395,-3.558258
VEH0008,2025-07-02,07:18:49,40.05348,-3.44416
VEH0008,2025-07-02,03:52:19,40.213338,-3.511866
VEH0008,2025-07-02,14:45:57,40.215944,-3.588887
VEH0008,2025-07-02,06:23:14,40.161771,-3.043389
VEH0008,2025-07-02,23:05:17,40.070681,-3.584956
VEH0008,2025-07-02,22:29:37,40.375965,-3.385958
VEH0008,2025-07-02,13:26:34,40.568277,-3.753972
VEH0008,2025-07-02,22:19:29,40.513012,-3.913472
VEH0008,2025-07-02,12:40:52,40.817337,-3.665905
VEH0008,2025-07-02,01:26:24,40.797382,-3.247944
VEH0008,2025-07-03,07:55:41,40.962228,-3.536849
VEH0008,2025-07-03,17:48:58,40.59837,-3.862564
VEH0008,2025-07-03,07:32:03,40.890262,-3.40755
VEH0008,2025-07-03,12:19:15,40.090175,-3.128764
VEH0008,2025-07-03,16:21:35,40.63942,-3.465587
VEH0008,2025-07-03,09:35:49,40.303005,-3.151254
VEH0008,2025-07-03,04:15:16,40.138292,-3.502268
VEH0008,2025-07-03,11:40:52,40.09578,-3.598633
VEH0008,2025-07-03,18:31:05,40.38613,-3.401717
VEH0008,2025-07-03,10:38:55,40.464496,-3.793632
VEH0008,2025-07-04,21:36:56,40.929556,-3.15893
VEH0008,2025-07-04,13:00:27,40.859563,-3.118811
VEH0008,2025-07-04,20:10:27,40.080784,-3.146629
VEH0008,2025-07-04,12:49:10,40.930005,-3.666178
VEH0008,2025-07-04,15:49:27,40.245539,-3.231228
VEH0008,2025-07-04,01:15:59,40.494947,-3.716316
VEH0008,2025-07-04,18:03:20,40.364172,-3.219934
VEH0008,2025-07-04,16:00:40,40.758333,-3.102016
VEH0008,2025-07-04,05:54:24,40.550249,-3.593322
VEH0008,2025-07-04,13:02:03,40.001214,-3.732341
VEH0009,2025-07-01,22:24:31,40.019875,-3.089975
VEH0009,2025-07-01,05:04:07,40.626095,-3.851088
VEH0009,2025-07-01,06:58:24,40.600276,-3.449529
VEH0009,2025-07-01,20:58:58,40.502043,-3.811525
VEH0009,2025-07-01,01:49:28,40.382437,-3.909427
VEH0009,2025-07-01,05:50:42,40.635535,-3.36819
VEH0009,2025-07-01,22:12:29,40.253824,-3.565732
VEH0009,2025-07-01,15:41:08,40.466718,-3.74055
VEH0009,2025-07-01,02:53:17,40.514683,-3.499865
VEH0009,2025-07-01,06:51:33,40.088964,-3.410175
VEH0009,2025-07-02,06:21:20,40.616104,-3.443194
VEH0009,2025-07-02,23:40:33,40.241449,-3.901601
VEH0009,2025-07-02,00:05:09,40.781398,-3.141783
VEH0009,2025-07-02,00:35:07,40.731936,-3.758064
VEH0009,2025-07-02,12:30:53,40.295719,-3.261374
VEH0009,2025-07-02,00:12:29,40.767329,-3.851223
VEH0009,2025-07-02,02:19:32,40.960972,-3.703961
VEH0009,2025-07-02,16:27:09,40.99991,-3.165062
VEH0009,2025-07-02,01:58:42,40.247656,-3.447213
VEH0009,2025-07-02,02:41:41,40.424149,-3.461794
VEH0009,2025-07-03,03:09:20,40.807647,-3.684248
VEH0009,2025-07-03,09:11:09,40.495928,-3.462237
VEH0009,2025-07-03,11:32:30,40.335119,-3.161641
VEH0009,2025-07-03,06:38:43,40.609542,-3.566535
VEH0009,2025-07-03,01:30:53,40.238265,-3.021407
VEH0009,2025-07-03,05:56:56,40.075445,-3.058418
VEH0009,2025-07-03,23:58:40,40.067528,-3.559774
VEH0009,2025-07-03,01:30:45,40.676694,-3.173308
VEH0009,2025-07-03,02:16:22,40.53539,-3.753169
VEH0009,2025-07-03,08:48:06,40.832284,-3.01501
VEH0009,2025-07-04,19:58:50,40.899498,-3.853824
VEH0009,2025-07-04,17:05:02,40.528707,-3.33313
VEH0009,2025-07-04,07:07:49,40.0529,-3.69132
VEH0009,2025-07-04,18:12:12,40.750701,-3.297083
VEH0009,2025-07-04,13:52:08,40.406398,-3.715512
VEH0009,2025-07-04,00:17:31,40.872533,-3.439783
VEH0009,2025-07-04,09:45:12,40.935191,-3.937372
VEH0009,2025-07-04,11:54:39,40.559947,-3.737246
VEH0009,2025-07-04,07:09:39,40.118715,-3.824497
VEH0009,2025-07-04,08:54:19,40.950723,-3.9069
VEH0010,2025-07-01,03:19:10,40.803659,-3.395245
VEH0010,2025-07-01,03:13:59,40.598819,-3.234104
VEH0010,2025-07-01,06:02:50,40.908437,-3.792714
VEH0010,2025-07-01,04:22:22,40.712207,-3.134501
VEH0010,2025-07-01,09:16:47,40.379073,-3.617463
VEH0010,2025-07-01,08:14:57,40.019639,-3.276916
VEH0010,2025-07-01,14:09:11,40.044861,-3.945203
VEH0010,2025-07-01,04:53:02,40.947929,-3.591483
VEH0010,2025-07-01,15:47:17,40.622697,-3.481054
VEH0010,2025-07-01,11:40:53,40.103257,-3.768846
VEH0010,2025-07-02,15:34:11,40.918895,-3.235193
VEH0010,2025-07-02,13:35:16,40.638768,-3.417306
VEH0010,2025-07-02,00:53:04,40.074804,-3.592091
VEH0010,2025-07-02,21:35:30,40.590817,-3.530719
VEH0010,2025-07-02,15:03:15,40.061245,-3.61955
VEH0010,2025-07-02,11:29:45,40.660943,-3.596826
VEH0010,2025-07-02,22:06:57,40.370803,-3.796716
VEH0010,2025-07-02,03:02:28,40.972855,-3.84325
VEH0010,2025-07-02,20:12:04,40.996296,-3.043686
VEH0010,2025-07-02,20:39:10,40.227578,-3.493175
VEH0010,2025-07-03,09:16:58,40.697074,-3.854727
VEH0010,2025-07-03,04:15:49,40.234035,-3.132073
VEH0010,2025-07-03,01:29:43,40.67782,-3.444988
VEH0010,2025-07-03,11:38:36,40.639065,-3.616663
VEH0010,2025-07-03,01:14:44,40.817366,-3.473922
VEH0010,2025-07-03,08:13:17,40.223375,-3.160155
VEH0010,2025-07-03,03:28:40,40.470711,-3.399323
VEH0010,2025-07-03,18:57:38,40.819103,-3.096494
VEH0010,2025-07-03,10:18:12,40.320407,-3.659962
VEH0010,2025-07-03,20:02:43,40.052617,-3.618821
VEH0010,2025-07-04,16:52:01,40.937183,-3.673762
VEH0010,2025-07-04,01:50:31,40.573373,-3.020179
VEH0010,2025-07-04,20:55:19,40.812994,-3.374718
VEH0010,2025-07-04,03:17:27,40.361071,-3.733708
VEH0010,2025-07-04,16:36:38,40.104124,-3.958986
VEH0010,2025-07-04,23:56:26,40.036132,-3.259502
VEH0010,2025-07-04,04:17:32,40.31851,-3.953242
VEH0010,2025-07-04,02:39:10,40.660366,-3.565645
VEH0010,2025-07-04,00:33:26,40.53115,-3.60945
VEH0010,2025-07-04,05:19:10,40.10574,-3.387592
VEH0011,2025-07-01,13:22:26,40.992246,-3.572183
VEH0011,2025-07-01,02:28:14,40.598536,-3.553205
VEH0011,2025-07-01,22:43:24,40.944195,-3.11069
VEH0011,2025-07-01,10:38:52,40.685139,-3.211899
VEH0011,2025-07-01,20:39:42,40.701023,-3.580341
VEH0011,2025-07-01,12:31:10,40.488008,-3.819235
VEH0011,2025-07-01,06:03:05,40.444481,-3.289347
VEH0011,2025-07-01,00:42:33,40.320737,-3.297509
VEH0011,2025-07-01,07:35:31,40.169462,-3.765996
VEH0011,2025-07-01,21:49:45,40.355791,-3.928727
VEH0011,2025-07-02,18:11:26,40.221086,-3.187112
VEH0011,2025-07-02,00:09:56,40.5467,-3.0196
VEH0011,2025-07-02,18:29:57,40.829608,-3.288406
VEH0011,2025-07-02,10:20:12,40.412417,-3.836185
VEH0011,2025-07-02,19:22:37,40.789947,-3.645256
VEH0011,2025-07-02,15:24:16,40.083938,-3.533136
VEH0011,2025-07-02,04:58:05,40.725118,-3.16103
VEH0011,2025-07-02,22:49:53,40.425703,-3.108759
VEH0011,2025-07-02,17:49:08,40.118624,-3.408947
VEH0011,2025-07-02,22:03:22,40.7305,-3.048698
VEH0011,2025-07-03,00:07:49,40.381636,-3.007451
VEH0011,2025-07-03,01:49:57,40.792011,-3.691675
VEH0011,2025-07-03,19:02:44,40.693346,-3.023816
VEH0011,2025-07-03,21:49:46,40.619911,-3.061118
VEH0011,2025-07-03,07:54:05,40.09744,-3.469544
VEH0011,2025-07-03,10:00:56,40.60231,-3.140661
VEH0011,2025-07-03,11:01:27,40.410946,-3.48764
VEH0011,2025-07-03,19:25:27,40.797795,-3.938229
VEH0011,2025-07-03,05:15:23,40.098408,-3.880976
VEH0011,2025-07-03,11:44:48,40.141429,-3.203881
VEH0011,2025-07-04,10:08:42,40.215149,-3.420012
VEH0011,2025-07-04,23:40:13,40.786006,-3.079992
VEH0011,2025-07-04,00:23:06,40.678909,-3.389278
VEH0011,2025-07-04,00:36:19,40.482418,-3.989693
VEH0011,2025-07-04,00:53:03,40.253474,-3.810063
VEH0011,2025-07-04,18:44:10,40.24829,-3.282231
VEH0011,2025-07-04,17:28:17,40.416276,-3.065355
VEH0011,2025-07-04,00:34:58,40.588615,-3.203985
VEH0011,2025-07-04,19:37:23,40.741478,-3.071191
VEH0011,2025-07-04,18:55:57,40.600771,-3.788666
VEH0012,2025-07-01,18:43:33,40.127687,-3.810549
VEH0012,2025-07-01,19:01:38,40.598195,-3.555496
VEH0012,2025-07-01,06:28:39,40.467199,-3.372175
VEH0012,2025-07-01,17:55:45,40.284488,-3.044153
VEH0012,2025-07-01,08:57:33,40.106301,-3.378637
VEH0012,2025-07-01,13:12:08,40.876553,-3.594774
VEH0012,2025-07-01,14:40:55,40.387226,-3.046128
VEH0012,2025-07-01,10:53:11,40.788324,-3.224234
VEH0012,2025-07-01,16:52:39,40.414677,-3.789713
VEH0012,2025-07-01,11:22:27,40.704862,-3.823558
VEH0012,2025-07-02,19:52:12,40.909649,-3.546237
VEH0012,2025-07-02,05:17:28,40.697916,-3.29714
VEH0012,2025-07-02,00:28:34,40.683828,-3.509577
VEH0012,2025-07-02,02:22:45,40.562284,-3.441162
VEH0012,2025-07-02,07:36:51,40.826031,-3.548715
VEH0012,2025-07-02,10:48:06,40.501495,-3.320492
VEH0012,2025-07-02,21:12:06,40.690063,-3.826397
VEH0012,2025-07-02,07:17:54,40.028507,-3.669237
VEH0012,2025-07-02,01:14:08,40.291785,-3.541764
VEH0012,2025-07-02,19:38:56,40.613748,-3.190915
VEH0012,2025-07-03,08:56:45,40.594582,-3.806524
VEH0012,2025-07-03,04:23:13,40.00749,-3.558098
VEH0012,2025-07-03,06:45:17,40.448394,-3.881383
VEH0012,2025-07-03,23:28:13,40.920715,-3.411822
VEH0012,2025-07-03,00:07:11,40.154515,-3.659998
VEH0012,2025-07-03,17:02:55,40.164676,-3.97086
VEH0012,2025-07-03,11:19:03,40.296176,-3.249215
VEH0012,2025-07-03,13:30:47,40.766179,-3.091529
VEH0012,2025-07-03,23:19:23,40.515021,-3.819464
VEH0012,2025-07-03,13:45:51,40.332515,-3.121809
VEH0012,2025-07-04,06:45:11,40.969224,-3.721624
VEH0012,2025-07-04,02:09:12,40.243439,-3.165814
VEH0012,2025-07-04,08:30:26,40.626377,-3.024464
VEH0012,2025-07-04,16:51:11,40.757577,-3.140446
VEH0012,2025-07-04,01:32:24,40.732429,-3.624141
VEH0012,2025-07-04,04:59:54,40.534947,-3.457452
VEH0012,2025-07-04,19:04:25,40.259352,-3.279031
VEH0012,2025-07-04,15:22:57,40.019071,-3.674259
VEH0012,2025-07-04,07:12:18,40.753427,-3.532928
VEH0012,2025-07-04,12:15:23,40.763845,-3.115295
VEH0013,2025-07-01,12:09:55,40.073131,-3.45115
VEH0013,2025-07-01,17:20:21,40.411052,-3.095688
VEH0013,2025-07-01,11:41:26,40.609601,-3.706281
VEH0013,2025-07-01,00:46:01,40.558887,-3.952724
VEH0013,2025-07-01,07:57:09,40.092948,-3.858176
VEH0013,2025-07-01,14:19:46,40.475694,-3.217662
VEH0013,2025-07-01,22:59:55,40.529031,-3.43018
VEH0013,2025-07-01,17:19:08,40.998559,-3.330235
VEH0013,2025-07-01,01:40:07,40.752492,-3.66049
VEH0013,2025-07-01,01:53:18,40.033838,-3.792067
VEH0013,2025-07-02,09:45:48,40.017927,-3.108048
VEH0013,2025-07-02,13:20:34,40.555425,-3.948417
VEH0013,2025-07-02,03:53:06,40.752434,-3.64742
VEH0013,2025-07-02,01:42:21,40.919266,-3.05766
VEH0013,2025-07-02,04:47:28,40.892874,-3.441881
VEH0013,2025-07-02,18:26:10,40.806432,-3.02243
VEH0013,2025-07-02,20:31:19,40.747754,-3.288808
VEH0013,2025-07-02,05:29:23,40.099979,-3.214203
VEH0013,2025-07-02,07:20:34,40.336261,-3.279145
VEH0013,2025-07-02,04:58:52,40.432044,-3.471574
VEH0013,2025-07-03,00:55:35,40.688424,-3.109203
VEH0013,2025-07-03,15:12:07,40.378711,-3.965052
VEH0013,2025-07-03,18:30:22,40.119152,-3.100122
VEH0013,2025-07-03,04:57:46,40.903114,-3.61612
VEH0013,2025-07-03,04:50:33,40.936061,-3.340115
VEH0013,2025-07-03,14:39:34,40.230768,-3.301071
VEH0013,2025-07-03,00:27:53,40.3989,-3.403199
VEH0013,2025-07-03,23:32:02,40.965668,-3.863852
VEH0013,2025-07-03,18:02:00,40.509974,-3.698163
VEH0013,2025-07-03,11:55:02,40.013285,-3.744585
VEH0013,2025-07-04,04:16:26,40.650088,-3.774205
VEH0013,2025-07-04,00:51:13,40.082224,-3.25726
VEH0013,2025-07-04,01:56:21,40.322427,-3.620945
VEH0013,2025-07-04,02:35:33,40.517784,-3.46542
VEH0013,2025-07-04,13:45:58,40.31819,-3.77171
VEH0013,2025-07-04,19:50:28,40.01165,-3.915676
VEH0013,2025-07-04,15:52:47,40.796499,-3.513922
VEH0013,2025-07-04,17:25:41,40.046284,-3.485945
VEH0013,2025-07-04,00:11:17,40.241547,-3.673764
VEH0013,2025-07-04,07:49:35,40.457696,-3.54368
VEH0014,2025-07-01,12:37:42,40.599729,-3.851885
VEH0014,2025-07-01,03:53:38,40.089297,-3.979861
VEH0014,2025-07-01,05:22:54,40.840817,-3.009161
VEH0014,2025-07-01,05:53:19,40.931889,-3.888884
VEH0014,2025-07-01,19:10:11,40.924519,-3.17407
VEH0014,2025-07-01,07:49:29,40.975089,-3.471994
VEH0014,2025-07-01,08:13:47,40.722663,-3.361986
VEH0014,2025-07-01,16:22:35,40.08715,-3.719903
VEH0014,2025-07-01,19:47:57,40.248172,-3.056668
VEH0014,2025-07-01,21:09:02,40.60448,-3.84806
VEH0014,2025-07-02,19:09:44,40.063132,-3.116059
VEH0014,2025-07-02,13:45:53,40.016557,-3.594365
VEH0014,2025-07-02,02:32:26,40.924061,-3.97642
VEH0014,2025-07-02,12:46:05,40.126357,-3.650689
VEH0014,2025-07-02,07:21:39,40.738047,-3.377415
VEH0014,2025-07-02,12:18:58,40.723527,-3.282809
VEH0014,2025-07-02,10:08:14,40.150265,-3.514403
VEH0014,2025-07-02,14:38:23,40.889406,-3.110606
VEH0014,2025-07-02,07:24:01,40.945858,-3.091839
VEH0014,2025-07-02,18:19:33,40.822542,-3.495637
VEH0014,2025-07-03,13:23:55,40.30131,-3.524541
VEH0014,2025-07-03,19:28:31,40.973812,-3.425623
VEH0014,2025-07-03,13:31:50,40.933152,-3.690682
VEH0014,2025-07-03,15:13:58,40.426875,-3.914204
VEH0014,2025-07-03,19:20:10,40.330941,-3.924956
VEH0014,2025-07-03,20:24:07,40.759084,-3.783571
VEH0014,2025-07-03,23:40:59,40.317987,-3.923847
VEH0014,2025-07-03,01:39:18,40.453774,-3.353024
VEH0014,2025-07-03,17:42:18,40.516325,-3.391804
VEH0014,2025-07-03,04:50:30,40.097689,-3.884514
VEH0014,2025-07-04,10:32:53,40.666318,-3.598888
VEH0014,2025-07-04,19:48:43,40.114754,-3.475229
VEH0014,2025-07-04,17:32:51,40.034543,-3.076506
VEH0014,2025-07-04,04:57:55,40.077203,-3.144369
VEH0014,2025-07-04,00:39:30,40.344043,-3.473125
VEH0014,2025-07-04,13:44:20,40.719384,-3.699446
VEH0014,2025-07-04,16:45:12,40.249891,-3.780377
VEH0014,2025-07-04,07:46:52,40.874117,-3.021351
VEH0014,2025-07-04,03:46:26,40.739687,-3.734875
VEH0014,2025-07-04,17:32:46,40.782317,-3.406723
VEH0015,2025-07-01,14:25:31,40.310642,-3.1015
VEH0015,2025-07-01,20:11:13,40.432679,-3.686027
VEH0015,2025-07-01,12:42:44,40.07406,-3.231074
VEH0015,2025-07-01,09:51:58,40.118832,-3.035265
VEH0015,2025-07-01,16:10:54,40.865022,-3.718344
VEH0015,2025-07-01,13:19:11,40.026929,-3.461063
VEH0015,2025-07-01,21:04:26,40.785148,-3.579042
VEH0015,2025-07-01,01:26:34,40.663662,-3.398178
VEH0015,2025-07-01,01:20:03,40.536724,-3.39721
VEH0015,2025-07-01,13:50:27,40.379078,-3.644924
VEH0015,2025-07-02,02:21:39,40.821867,-3.454792
VEH0015,2025-07-02,11:34:11,40.761576,-3.74927
VEH0015,2025-07-02,22:40:28,40.136531,-3.152311
VEH0015,2025-07-02,09:38:50,40.073352,-3.406172
VEH0015,2025-07-02,15:38:03,40.233324,-3.132819
VEH0015,2025-07-02,05:13:05,40.780282,-3.850023
VEH0015,2025-07-02,00:50:19,40.421898,-3.49964
VEH0015,2025-07-02,06:16:27,40.662475,-3.516406
VEH0015,2025-07-02,10:27:15,40.450017,-3.516765
VEH0015,2025-07-02,05:31:41,40.78795,-3.31957
VEH0015,2025-07-03,22:05:44,40.583633,-3.100807
VEH0015,2025-07-03,16:27:25,40.779822,-3.655048
VEH0015,2025-07-03,01:28:41,40.326773,-3.499268
VEH0015,2025-07-03,05:16:57,40.489221,-3.363488
VEH0015,2025-07-03,00:05:13,40.409591,-3.96417
VEH0015,2025-07-03,08:37:55,40.065183,-3.785924
VEH0015,2025-07-03,09:00:21,40.836119,-3.75833
VEH0015,2025-07-03,18:46:56,40.299413,-3.213749
VEH0015,2025-07-03,02:37:33,40.927765,-3.256224
VEH0015,2025-07-03,06:51:44,40.913354,-3.460042
VEH0015,2025-07-04,21:39:08,40.503089,-3.756114
VEH0015,2025-07-04,10:13:55,40.784833,-3.089022
VEH0015,2025-07-04,04:18:13,40.480247,-3.995493
VEH0015,2025-07-04,19:01:36,40.075968,-3.37519
VEH0015,2025-07-04,00:19:16,40.091002,-3.997558
VEH0015,2025-07-04,06:01:01,40.16328,-3.136766
VEH0015,2025-07-04,11:47:38,40.350465,-3.031133
VEH0015,2025-07-04,08:19:49,40.485369,-3.507715
VEH0015,2025-07-04,18:19:10,40.930058,-3.228465
VEH0015,2025-07-04,02:55:18,40.612182,-3.744751
VEH0016,2025-07-01,23:22:30,40.190238,-3.67739
VEH0016,2025-07-01,18:05:03,40.578894,-3.919802
VEH0016,2025-07-01,06:56:54,40.01181,-3.004259
VEH0016,2025-07-01,22:11:45,40.340273,-3.803452
VEH0016,2025-07-01,12:52:14,40.062393,-3.893247
VEH0016,2025-07-01,16:25:54,40.537115,-3.434385
VEH0016,2025-07-01,07:06:18,40.310373,-3.209376
VEH0016,2025-07-01,10:20:46,40.829857,-3.32044
VEH0016,2025-07-01,09:51:16,40.783902,-3.608833
VEH0016,2025-07-01,18:25:04,40.79783,-3.745696
VEH0016,2025-07-02,05:01:45,40.937475,-3.420118
VEH0016,2025-07-02,10:31:06,40.615995,-3.428184
VEH0016,2025-07-02,07:52:38,40.27177,-3.676867
VEH0016,2025-07-02,10:10:02,40.637444,-3.250832
VEH0016,2025-07-02,05:48:44,40.690564,-3.13748
VEH0016,2025-07-02,05:21:03,40.608857,-3.623403
VEH0016,2025-07-02,04:44:27,40.817799,-3.075035
VEH0016,2025-07-02,00:02:00,40.290581,-3.540643
VEH0016,2025-07-02,01:43:30,40.862984,-3.230234
VEH0016,2025-07-02,01:03:33,40.683831,-3.888596
VEH0016,2025-07-03,14:04:53,40.788859,-3.870132
VEH0016,2025-07-03,09:19:34,40.209616,-3.316586
VEH0016,2025-07-03,09:07:29,40.218211,-3.517182
VEH0016,2025-07-03,20:03:49,40.155162,-3.333
VEH0016,2025-07-03,22:17:34,40.869044,-3.259259
VEH0016,2025-07-03,11:14:37,40.490356,-3.972887
VEH0016,2025-07-03,18:41:58,40.023361,-3.659193
VEH0016,2025-07-03,12:50:32,40.819945,-3.194042
VEH0016,2025-07-03,12:21:35,40.362259,-3.402601
VEH0016,2025-07-03,17:31:31,40.216023,-3.092067
VEH0016,2025-07-04,11:27:05,40.426121,-3.530812
VEH0016,2025-07-04,22:32:02,40.387586,-3.251511
VEH0016,2025-07-04,05:02:50,40.397859,-3.201617
VEH0016,2025-07-04,11:57:07,40.400673,-3.315
VEH0016,2025-07-04,03:49:05,40.807588,-3.719708
VEH0016,2025-07-04,23:50:09,40.013296,-3.641724
VEH0016,2025-07-04,04:01:37,40.123607,-3.044908
VEH0016,2025-07-04,22:17:41,40.819021,-3.214263
VEH0016,2025-07-04,02:07:55,40.211816,-3.873607
VEH0016,2025-07-04,02:57:16,40.331632,-3.090287
VEH0017,2025-07-01,08:39:06,40.748044,-3.186964
VEH0017,2025-07-01,12:41:40,40.024103,-3.358894
VEH0017,2025-07-01,17:30:26,40.785501,-3.223324
VEH0017,2025-07-01,18:08:04,40.782475,-3.921923
VEH0017,2025-07-01,16:48:55,40.482097,-3.523899
VEH0017,2025-07-01,12:13:45,40.763253,-3.469042
VEH0017,2025-07-01,04:49:18,40.304514,-3.633014
VEH0017,2025-07-01,11:22:00,40.791958,-3.358044
VEH0017,2025-07-01,21:22:31,40.24219,-3.30056
VEH0017,2025-07-01,00:39:51,40.129532,-3.297957
VEH0017,2025-07-02,01:05:57,40.254968,-3.615775
VEH0017,2025-07-02,02:09:52,40.843582,-3.522388
VEH0017,2025-07-02,05:31:23,40.989193,-3.208404
VEH0017,2025-07-02,17:48:47,40.004977,-3.065004
VEH0017,2025-07-02,11:16:22,40.294802,-3.352879
VEH0017,2025-07-02,20:20:32,40.468579,-3.363381
VEH0017,2025-07-02,04:56:39,40.700918,-3.162576
VEH0017,2025-07-02,03:38:21,40.241873,-3.301241
VEH0017,2025-07-02,06:41:25,40.918809,-3.499177
VEH0017,2025-07-02,19:51:49,40.032663,-3.482848
VEH0017,2025-07-03,13:40:32,40.961125,-3.44336
VEH0017,2025-07-03,22:11:38,40.749911,-3.377924
VEH0017,2025-07-03,14:41:07,40.224447,-3.327283
VEH0017,2025-07-03,00:14:21,40.431113,-3.12713
VEH0017,2025-07-03,11:56:31,40.334221,-3.916747
VEH0017,2025-07-03,15:07:04,40.915818,-3.144546
VEH0017,2025-07-03,19:38:16,40.223235,-3.110699
VEH0017,2025-07-03,06:34:56,40.979964,-3.163748
VEH0017,2025-07-03,11:32:33,40.130133,-3.97351
VEH0017,2025-07-03,05:49:36,40.585592,-3.460326
VEH0017,2025-07-04,15:20:14,40.650549,-3.585166
VEH0017,2025-07-04,12:20:15,40.86218,-3.358727
VEH0017,2025-07-04,14:27:06,40.956236,-3.676059
VEH0017,2025-07-04,12:29:00,40.329215,-3.693908
VEH0017,2025-07-04,11:16:14,40.628034,-3.037554
VEH0017,2025-07-04,03:52:06,40.714086,-3.675205
VEH0017,2025-07-04,22:19:26,40.122594,-3.585137
VEH0017,2025-07-04,20:10:02,40.406294,-3.163455
VEH0017,2025-07-04,00:22:01,40.506878,-3.601646
VEH0017,2025-07-04,06:14:49,40.475932,-3.104399
VEH0018,2025-07-01,01:07:47,40.350346,-3.234585
VEH0018,2025-07-01,08:00:21,40.40864,-3.305454
VEH0018,2025-07-01,16:15:07,40.48653,-3.090827
VEH0018,2025-07-01,19:13:18,40.798767,-3.982291
VEH0018,2025-07-01,07:08:29,40.93154,-3.951899
VEH0018,2025-07-01,23:20:05,40.77977,-3.953885
VEH0018,2025-07-01,14:06:46,40.028639,-3.862256
VEH0018,2025-07-01,13:12:29,40.845918,-3.864612
VEH0018,2025-07-01,18:28:09,40.194049,-3.106599
VEH0018,2025-07-01,18:18:05,40.380125,-3.146707
VEH0018,2025-07-02,02:38:29,40.440849,-3.122856
VEH0018,2025-07-02,07:57:01,40.671621,-3.310401
VEH0018,2025-07-02,04:30:31,40.980299,-3.843073
VEH0018,2025-07-02,10:32:29,40.318665,-3.860524
VEH0018,2025-07-02,23:23:22,40.151202,-3.98738
VEH0018,2025-07-02,11:31:12,40.138639,-3.973932
VEH0018,2025-07-02,20:26:54,40.195522,-3.063691
VEH0018,2025-07-02,14:53:22,40.579832,-3.786176
VEH0018,2025-07-02,11:59:06,40.706482,-3.280937
VEH0018,2025-07-02,23:42:28,40.227561,-3.578238
VEH0018,2025-07-03,02:39:05,40.362368,-3.292594
VEH0018,2025-07-03,09:59:31,40.599697,-3.177154
VEH0018,2025-07-03,08:17:12,40.931397,-3.391321
VEH0018,2025-07-03,22:07:47,40.995385,-3.632028
VEH0018,2025-07-03,04:48:59,40.739198,-3.505396
VEH0018,2025-07-03,10:30:29,40.99865,-3.605285
VEH0018,2025-07-03,21:35:19,40.616687,-3.528325
VEH0018,2025-07-03,03:42:03,40.228075,-3.283429
VEH0018,2025-07-03,18:51:01,40.071551,-3.069466
VEH0018,2025-07-03,07:16:51,40.318692,-3.207986
VEH0018,2025-07-04,20:53:18,40.777401,-3.143469
VEH0018,2025-07-04,07:26:29,40.014509,-3.211147
VEH0018,2025-07-04,00:36:39,40.134673,-3.889615
VEH0018,2025-07-04,14:42:14,40.731644,-3.843122
VEH0018,2025-07-04,08:22:59,40.333103,-3.223266
VEH0018,2025-07-04,16:59:39,40.583186,-3.442115
VEH0018,2025-07-04,10:39:50,40.028083,-3.799894
VEH0018,2025-07-04,15:27:21,40.950491,-3.486011
VEH0018,2025-07-04,01:19:09,40.992609,-3.28999
VEH0018,2025-07-04,09:31:13,40.373495,-3.283757
VEH0019,2025-07-01,16:06:27,40.30537,-3.551183
VEH0019,2025-07-01,08:15:21,40.059549,-3.013314
VEH0019,2025-07-01,19:00:20,40.257856,-3.096818
VEH0019,2025-07-01,08:20:27,40.873175,-3.321445
VEH0019,2025-07-01,11:30:45,40.516495,-3.291039
VEH0019,2025-07-01,02:56:28,40.36193,-3.260141
VEH0019,2025-07-01,18:30:31,40.33892,-3.060422
VEH0019,2025-07-01,09:12:20,40.819101,-3.971436
VEH0019,2025-07-01,06:14:51,40.818139,-3.563732
VEH0019,2025-07-01,07:44:33,40.547737,-3.166785
VEH0019,2025-07-02,11:32:04,40.287729,-3.584699
VEH0019,2025-07-02,18:40:05,40.97846,-3.955247
VEH0019,2025-07-02,15:28:42,40.075277,-3.739849
VEH0019,2025-07-02,02:22:45,40.013338,-3.672191
VEH0019,2025-07-02,16:05:54,40.700479,-3.496315
VEH0019,2025-07-02,12:41:14,40.092101,-3.779981
VEH0019,2025-07-02,12:03:09,40.017991,-3.648803
VEH0019,2025-07-02,09:20:00,40.744997,-3.483357
VEH0019,2025-07-02,14:34:42,40.317375,-3.140553
VEH0019,2025-07-02,10:13:05,40.228145,-3.563893
VEH0019,2025-07-03,14:50:41,40.931919,-3.175564
VEH0019,2025-07-03,14:12:57,40.029224,-3.578034
VEH0019,2025-07-03,06:22:59,40.863609,-3.176028
VEH0019,2025-07-03,01:00:49,40.758277,-3.58151
VEH0019,2025-07-03,01:55:31,40.989927,-3.731974
VEH0019,2025-07-03,17:39:40,40.815265,-3.076887
VEH0019,2025-07-03,01:50:30,40.788723,-3.289348
VEH0019,2025-07-03,20:43:33,40.269555,-3.686264
VEH0019,2025-07-03,06:17:19,40.192825,-3.872161
VEH0019,2025-07-03,03:27:16,40.605647,-3.530609
VEH0019,2025-07-04,05:19:16,40.24363,-3.600157
VEH0019,2025-07-04,10:13:49,40.548195,-3.940741
VEH0019,2025-07-04,06:48:46,40.878318,-3.859385
VEH0019,2025-07-04,00:49:25,40.617127,-3.870295
VEH0019,2025-07-04,14:48:22,40.536369,-3.535216
VEH0019,2025-07-04,21:22:43,40.736753,-3.051688
VEH0019,2025-07-04,09:48:26,40.908624,-3.451935
VEH0019,2025-07-04,04:09:47,40.728498,-3.050512
VEH0019,2025-07-04,15:01:37,40.151399,-3.243034
VEH0019,2025-07-04,05:00:43,40.708854,-3.579021
VEH0020,2025-07-01,05:13:45,40.58752,-3.188892
VEH0020,2025-07-01,01:53:42,40.885131,-3.405958
VEH0020,2025-07-01,02:36:02,40.952195,-3.361531
VEH0020,2025-07-01,03:23:17,40.271179,-3.198304
VEH0020,2025-07-01,01:40:30,40.476272,-3.187257
VEH0020,2025-07-01,03:01:37,40.243745,-3.078753
VEH0020,2025-07-01,02:59:45,40.971838,-3.038512
VEH0020,2025-07-01,07:51:29,40.66809,-3.265345
VEH0020,2025-07-01,00:14:09,40.083555,-3.164856
VEH0020,2025-07-01,22:53:17,40.19149,-3.240931
VEH0020,2025-07-02,15:11:22,40.406826,-3.050263
VEH0020,2025-07-02,11:24:03,40.194832,-3.544293
VEH0020,2025-07-02,20:02:26,40.860043,-3.38615
VEH0020,2025-07-02,06:08:58,40.364828,-3.302964
VEH0020,2025-07-02,22:13:43,40.831246,-3.806472
VEH0020,2025-07-02,07:11:50,40.398078,-3.712992
VEH0020,2025-07-02,16:05:59,40.733945,-3.902169
VEH0020,2025-07-02,21:42:14,40.041768,-3.933623
VEH0020,2025-07-02,11:52:04,40.884854,-3.695678
VEH0020,2025-07-02,00:24:22,40.220162,-3.599654
VEH0020,2025-07-03,16:00:55,40.970706,-3.767947
VEH0020,2025-07-03,06:10:27,40.529857,-3.523423
VEH0020,2025-07-03,18:01:44,40.449169,-3.515081
VEH0020,2025-07-03,22:59:17,40.321905,-3.777804
VEH0020,2025-07-03,07:28:16,40.294936,-3.880891
VEH0020,2025-07-03,04:06:11,40.563711,-3.597842
VEH0020,2025-07-03,17:52:18,40.197698,-3.546175
VEH0020,2025-07-03,02:16:50,40.370967,-3.170355
VEH0020,2025-07-03,18:15:11,40.577049,-3.100623
VEH0020,2025-07-03,20:28:05,40.015256,-3.588204
VEH0020,2025-07-04,15:57:59,40.551419,-3.177425
VEH0020,2025-07-04,04:03:31,40.61525,-3.581782
VEH0020,2025-07-04,12:40:05,40.230005,-3.371293
VEH0020,2025-07-04,01:50:26,40.909804,-3.97253
VEH0020,2025-07-04,18:24:58,40.112842,-3.763862
VEH0020,2025-07-04,09:54:43,40.568126,-3.422849
VEH0020,2025-07-04,05:18:13,40.392515,-3.816432
VEH0020,2025-07-04,22:19:46,40.965883,-3.377043
VEH0020,2025-07-04,14:15:34,40.736926,-3.394927
VEH0020,2025-07-04,01:38:49,40.278325,-3.698723
VEH0021,2025-07-01,06:45:26,40.469401,-3.794285
VEH0021,2025-07-01,22:44:20,40.292949,-3.547303
VEH0021,2025-07-01,02:22:03,40.698393,-3.615963
VEH0021,2025-07-01,16:18:03,40.399103,-3.202359
VEH0021,2025-07-01,22:14:20,40.173423,-3.125008
VEH0021,2025-07-01,23:47:12,40.037117,-3.331096
VEH0021,2025-07-01,02:00:08,40.697168,-3.201038
VEH0021,2025-07-01,12:32:28,40.888509,-3.318051
VEH0021,2025-07-01,00:35:05,40.838382,-3.769244
VEH0021,2025-07-01,09:51:39,40.910526,-3.107497
VEH0021,2025-07-02,02:49:25,40.459086,-3.410553
VEH0021,2025-07-02,02:00:00,40.860618,-3.510665
VEH0021,2025-07-02,22:30:27,40.498274,-3.140844
VEH0021,2025-07-02,17:20:51,40.478687,-3.803895
VEH0021,2025-07-02,07:43:23,40.707531,-3.418772
VEH0021,2025-07-02,21:33:59,40.754808,-3.356093
VEH0021,2025-07-02,00:33:11,40.744307,-3.31359
VEH0021,2025-07-02,10:03:21,40.461908,-3.494441
VEH0021,2025-07-02,12:03:30,40.720628,-3.634264
VEH0021,2025-07-02,07:51:37,40.216778,-3.752906
VEH0021,2025-07-03,20:18:04,40.146059,-3.766842
VEH0021,2025-07-03,06:47:40,40.796199,-3.960061
VEH0021,2025-07-03,00:52:27,40.443834,-3.80598
VEH0021,2025-07-03,02:41:35,40.441529,-3.520057
VEH0021,2025-07-03,14:39:24,40.76934,-3.216477
VEH0021,2025-07-03,14:55:23,40.205531,-3.655678
VEH0021,2025-07-03,15:11:47,40.797252,-3.512093
VEH0021,2025-07-03,05:31:42,40.756365,-3.809654
VEH0021,2025-07-03,16:38:38,40.551364,-3.850793
VEH0021,2025-07-03,10:39:16,40.717948,-3.687569
VEH0021,2025-07-04,14:15:14,40.053061,-3.409603
VEH0021,2025-07-04,21:43:59,40.276302,-3.837392
VEH0021,2025-07-04,20:47:21,40.977639,-3.339527
VEH0021,2025-07-04,06:55:08,40.810328,-3.458008
VEH0021,2025-07-04,09:58:11,40.211316,-3.823791
VEH0021,2025-07-04,06:08:15,40.897471,-3.145012
VEH0021,2025-07-04,23:10:01,40.111391,-3.243982
VEH0021,2025-07-04,06:36:08,40.704915,-3.398153
VEH0021,2025-07-04,19:48:31,40.718503,-3.171791
VEH0021,2025-07-04,11:20:53,40.300096,-3.204915
VEH0022,2025-07-01,20:16:41,40.319126,-3.631715
VEH0022,2025-07-01,23:00:03,40.923798,-3.297077
VEH0022,2025-07-01,15:38:55,40.967253,-3.032273
VEH0022,2025-07-01,14:16:25,40.702543,-3.757334
VEH0022,2025-07-01,19:59:03,40.172207,-3.875133
VEH0022,2025-07-01,02:42:10,40.610474,-3.435276
VEH0022,2025-07-01,07:19:38,40.941975,-3.731584
VEH0022,2025-07-01,02:10:37,40.688024,-3.095777
VEH0022,2025-07-01,07:36:38,40.312257,-3.0904
VEH0022,2025-07-01,05:04:13,40.699952,-3.852797
VEH0022,2025-07-02,20:25:39,40.675632,-3.673322
VEH0022,2025-07-02,00:22:01,40.414845,-3.772091
VEH0022,2025-07-02,00:01:31,40.896976,-3.809093
VEH0022,2025-07-02,11:37:20,40.626418,-3.44598
VEH0022,2025-07-02,23:26:08,40.03715,-3.707855
VEH0022,2025-07-02,02:27:39,40.918923,-3.087733
VEH0022,2025-07-02,10:57:09,40.492744,-3.547555
VEH0022,2025-07-02,09:51:14,40.866526,-3.976901
VEH0022,2025-07-02,00:30:24,40.129576,-3.389912
VEH0022,2025-07-02,23:17:58,40.744919,-3.81956
VEH0022,2025-07-03,05:28:33,40.862763,-3.704647
VEH0022,2025-07-03,09:49:49,40.878901,-3.241884
VEH0022,2025-07-03,22:44:10,40.529097,-3.11235
VEH0022,2025-07-03,08:31:46,40.367419,-3.374052
VEH0022,2025-07-03,12:16:49,40.058606,-3.476218
VEH0022,2025-07-03,08:47:27,40.743394,-3.430825
VEH0022,2025-07-03,08:48:10,40.754588,-3.821752
VEH0022,2025-07-03,00:14:41,40.620641,-3.087369
VEH0022,2025-07-03,20:05:09,40.937958,-3.709012
VEH0022,2025-07-03,16:01:05,40.896565,-3.268633
VEH0022,2025-07-04,09:06:29,40.410506,-3.970544
VEH0022,2025-07-04,20:53:58,40.720417,-3.403799
VEH0022,2025-07-04,22:44:47,40.375065,-3.318333
VEH0022,2025-07-04,20:55:26,40.295908,-3.445402
VEH0022,2025-07-04,04:07:15,40.977989,-3.311539
VEH0022,2025-07-04,04:14:43,40.843988,-3.845537
VEH0022,2025-07-04,01:39:56,40.354498,-3.279729
VEH0022,2025-07-04,12:36:18,40.397605,-3.775653
VEH0022,2025-07-04,16:37:32,40.85,-3.985389
VEH0022,2025-07-04,04:09:52,40.950757,-3.90017
VEH0023,2025-07-01,20:32:21,40.926906,-3.342639
VEH0023,2025-07-01,09:14:23,40.642,-3.727743
VEH0023,2025-07-01,20:34:20,40.132409,-3.50817
VEH0023,2025-07-01,00:55:39,40.800062,-3.088035
VEH0023,2025-07-01,15:08:37,40.725042,-3.978339
VEH0023,2025-07-01,11:50:40,40.46739,-3.493079
VEH0023,2025-07-01,12:58:59,40.890379,-3.735456
VEH0023,2025-07-01,11:29:23,40.551388,-3.672367
VEH0023,2025-07-01,16:19:10,40.637713,-3.425978
VEH0023,2025-07-01,08:01:13,40.862888,-3.129467
VEH0023,2025-07-02,16:00:12,40.005446,-3.849321
VEH0023,2025-07-02,04:53:59,40.227194,-3.43014
VEH0023,2025-07-02,18:46:00,40.843727,-3.92673
VEH0023,2025-07-02,08:33:49,40.683247,-3.373983
VEH0023,2025-07-02,22:44:23,40.156188,-3.547558
VEH0023,2025-07-02,09:46:45,40.747474,-3.56938
VEH0023,2025-07-02,12:33:58,40.960515,-3.68508
VEH0023,2025-07-02,19:23:01,40.223921,-3.126561
VEH0023,2025-07-02,10:15:38,40.399735,-3.028738
VEH0023,2025-07-02,06:55:04,40.651537,-3.770236
VEH0023,2025-07-03,20:33:50,40.094229,-3.332373
VEH0023,2025-07-03,12:59:11,40.156151,-3.585476
VEH0023,2025-07-03,06:25:59,40.068611,-3.598907
VEH0023,2025-07-03,08:46:23,40.929328,-3.609946
VEH0023,2025-07-03,10:30:29,40.202631,-3.358766
VEH0023,2025-07-03,10:03:16,40.996515,-3.213583
VEH0023,2025-07-03,22:52:10,40.048555,-3.596657
VEH0023,2025-07-03,20:25:02,40.176655,-3.60466
VEH0023,2025-07-03,17:18:19,40.130194,-3.388471
VEH0023,2025-07-03,08:02:54,40.242193,-3.442001
VEH0023,2025-07-04,14:22:30,40.405614,-3.282876
VEH0023,2025-07-04,18:16:41,40.616961,-3.390764
VEH0023,2025-07-04,10:31:35,40.172742,-3.861508
VEH0023,2025-07-04,07:26:00,40.916629,-3.326507
VEH0023,2025-07-04,18:30:38,40.043624,-3.909663
VEH0023,2025-07-04,22:03:49,40.030144,-3.962936
VEH0023,2025-07-04,21:54:51,40.169334,-3.459373
VEH0023,2025-07-04,06:26:23,40.960461,-3.445722
VEH0023,2025-07-04,19:28:55,40.087334,-3.509408
VEH0023,2025-07-04,09:18:21,40.466553,-3.852914
VEH0024,2025-07-01,15:28:07,40.230756,-3.359255
VEH0024,2025-07-01,22:31:29,40.041792,-3.014978
VEH0024,2025-07-01,17:22:15,40.774802,-3.009301
VEH0024,2025-07-01,02:54:06,40.34979,-3.317824
VEH0024,2025-07-01,16:35:00,40.758058,-3.061252
VEH0024,2025-07-01,08:45:28,40.873971,-3.026381
VEH0024,2025-07-01,03:58:31,40.642886,-3.818678
VEH0024,2025-07-01,12:32:58,40.707552,-3.727593
VEH0024,2025-07-01,09:30:31,40.03008,-3.4547
VEH0024,2025-07-01,16:20:58,40.625278,-3.545529
VEH0024,2025-07-02,08:12:21,40.879254,-3.951811
VEH0024,2025-07-02,22:22:01,40.591625,-3.611983
VEH0024,2025-07-02,09:21:09,40.275444,-3.863671
VEH0024,2025-07-02,07:07:15,40.059282,-3.924391
VEH0024,2025-07-02,06:20:36,40.615197,-3.121677
VEH0024,2025-07-02,03:00:43,40.285443,-3.463141
VEH0024,2025-07-02,20:37:24,40.200816,-3.535244
VEH0024,2025-07-02,02:09:18,40.858414,-3.881719
VEH0024,2025-07-02,03:59:29,40.006003,-3.757716
VEH0024,2025-07-02,17:46:09,40.059663,-3.838917
VEH0024,2025-07-03,09:24:46,40.423121,-3.8434
VEH0024,2025-07-03,01:25:03,40.930748,-3.592447
VEH0024,2025-07-03,02:41:38,40.776024,-3.71802
VEH0024,2025-07-03,19:18:25,40.176849,-3.919256
VEH0024,2025-07-03,22:23:14,40.844594,-3.897214
VEH0024,2025-07-03,00:50:42,40.627113,-3.472261
VEH0024,2025-07-03,00:21:24,40.147263,-3.569071
VEH0024,2025-07-03,05:11:02,40.934467,-3.444046
VEH0024,2025-07-03,19:50:08,40.47986,-3.297709
VEH0024,2025-07-03,22:56:02,40.219914,-3.086136
VEH0024,2025-07-04,05:09:15,40.340674,-3.904737
VEH0024,2025-07-04,22:24:49,40.303683,-3.235722
VEH0024,2025-07-04,21:04:47,40.430738,-3.867585
VEH0024,2025-07-04,14:33:49,40.278535,-3.432043
VEH0024,2025-07-04,04:12:10,40.130268,-3.004394
VEH0024,2025-07-04,15:54:16,40.043437,-3.95192
VEH0024,2025-07-04,20:16:06,40.351081,-3.948561
VEH0024,2025-07-04,23:31:46,40.22757,-3.404991
VEH0024,2025-07-04,18:49:47,40.072153,-3.839204
VEH0024,2025-07-04,10:41:11,40.776633,-3.774331
VEH0025,2025-07-01,03:45:30,40.322716,-3.813626
VEH0025,2025-07-01,13:47:16,40.917093,-3.835447
VEH0025,2025-07-01,03:58:31,40.401821,-3.736148
VEH0025,2025-07-01,15:01:12,40.560262,-3.309197
VEH0025,2025-07-01,19:28:48,40.60456,-3.528229
VEH0025,2025-07-01,16:51:51,40.540552,-3.100985
VEH0025,2025-07-01,11:46:31,40.329257,-3.822577
VEH0025,2025-07-01,15:19:22,40.832015,-3.192921
VEH0025,2025-07-01,22:46:59,40.435069,-3.1275
VEH0025,2025-07-01,19:13:17,40.165214,-3.102829
VEH0025,2025-07-02,03:35:56,40.094374,-3.944991
VEH0025,2025-07-02,22:54:16,40.298806,-3.285782
VEH0025,2025-07-02,17:48:42,40.951246,-3.784402
VEH0025,2025-07-02,10:11:12,40.793938,-3.017234
VEH0025,2025-07-02,07:02:29,40.253417,-3.46839
VEH0025,2025-07-02,02:08:47,40.162886,-3.585984
VEH0025,2025-07-02,00:51:53,40.113211,-3.732257
VEH0025,2025-07-02,07:47:02,40.23015,-3.742896
VEH0025,2025-07-02,08:46:27,40.846192,-3.540154
VEH0025,2025-07-02,15:28:06,40.463318,-3.046671
VEH0025,2025-07-03,04:21:35,40.534796,-3.738932
VEH0025,2025-07-03,09:26:56,40.139348,-3.783951
VEH0025,2025-07-03,23:45:11,40.839599,-3.971621
VEH0025,2025-07-03,00:20:13,40.054416,-3.998732
VEH0025,2025-07-03,11:39:16,40.480805,-3.090819
VEH0025,2025-07-03,20:42:38,40.25389,-3.906277
VEH0025,2025-07-03,19:02:02,40.332964,-3.703445
VEH0025,2025-07-03,05:03:26,40.082601,-3.566209
VEH0025,2025-07-03,09:49:15,40.588543,-3.885718
VEH0025,2025-07-03,09:42:31,40.319063,-3.947175
VEH0025,2025-07-04,14:18:43,40.623294,-3.590444
VEH0025,2025-07-04,16:15:47,40.802496,-3.026437
VEH0025,2025-07-04,12:49:07,40.875058,-3.360004
VEH0025,2025-07-04,23:21:10,40.344953,-3.7794
VEH0025,2025-07-04,18:50:45,40.725839,-3.106235
VEH0025,2025-07-04,09:23:38,40.370622,-3.441575
VEH0025,2025-07-04,07:31:28,40.900325,-3.670595
VEH0025,2025-07-04,20:27:15,40.887338,-3.301628
VEH0025,2025-07-04,17:41:06,40.117261,-3.396558
VEH0025,2025-07-04,20:19:03,40.74403,-3.766597
VEH0026,2025-07-01,03:35:41,40.193563,-3.152011
VEH0026,2025-07-01,09:52:58,40.584436,-3.278832
VEH0026,2025-07-01,11:11:47,40.00886,-3.13183
VEH0026,2025-07-01,06:59:39,40.019867,-3.005701
VEH0026,2025-07-01,10:13:40,40.831051,-3.064119
VEH0026,2025-07-01,03:10:05,40.010235,-3.957335
VEH0026,2025-07-01,17:25:11,40.323828,-3.023698
VEH0026,2025-07-01,17:18:08,40.249319,-3.20732
VEH0026,2025-07-01,21:04:48,40.062769,-3.404083
VEH0026,2025-07-01,22:40:23,40.296764,-3.312549
VEH0026,2025-07-02,12:58:58,40.287011,-3.247169
VEH0026,2025-07-02,18:29:37,40.708818,-3.830296
VEH0026,2025-07-02,17:21:45,40.767294,-3.284377
VEH0026,2025-07-02,00:03:43,40.245411,-3.546245
VEH0026,2025-07-02,22:58:09,40.652636,-3.503409
VEH0026,2025-07-02,14:48:33,40.748326,-3.071626
VEH0026,2025-07-02,17:24:54,40.406589,-3.348546
VEH0026,2025-07-02,23:14:21,40.74102,-3.089689
VEH0026,2025-07-02,13:32:40,40.528933,-3.057182
VEH0026,2025-07-02,23:38:00,40.677877,-3.633896
VEH0026,2025-07-03,16:55:21,40.814924,-3.485852
VEH0026,2025-07-03,06:40:45,40.17708,-3.937127
VEH0026,2025-07-03,16:51:52,40.782162,-3.232764
VEH0026,2025-07-03,07:33:48,40.607222,-3.424403
VEH0026,2025-07-03,12:19:36,40.264017,-3.097533
VEH0026,2025-07-03,14:00:47,40.927174,-3.801088
VEH0026,2025-07-03,22:54:31,40.438305,-3.726726
VEH0026,2025-07-03,00:46:59,40.855761,-3.111713
VEH0026,2025-07-03,01:17:17,40.207747,-3.645234
VEH0026,2025-07-03,03:40:45,40.420138,-3.73198
VEH0026,2025-07-04,07:38:11,40.078467,-3.422825
VEH0026,2025-07-04,22:09:38,40.58193,-3.482647
VEH0026,2025-07-04,08:39:32,40.404528,-3.10695
VEH0026,2025-07-04,13:29:01,40.397018,-3.437237
VEH0026,2025-07-04,17:02:53,40.481055,-3.457468
VEH0026,2025-07-04,05:23:42,40.026043,-3.544995
VEH0026,2025-07-04,06:22:28,40.466816,-3.071457
VEH0026,2025-07-04,03:13:22,40.124319,-3.273161
VEH0026,2025-07-04,11:50:46,40.132287,-3.760487
VEH0026,2025-07-04,06:23:57,40.431034,-3.51575
VEH0027,2025-07-01,21:51:52,40.753109,-3.743382
VEH0027,2025-07-01,01:51:33,40.53572,-3.708554
VEH0027,2025-07-01,16:56:41,40.458675,-3.421148
VEH0027,2025-07-01,03:30:19,40.444799,-3.184566
VEH0027,2025-07-01,18:11:12,40.342007,-3.628148
VEH0027,2025-07-01,00:22:11,40.978434,-3.505793
VEH0027,2025-07-01,01:42:19,40.748121,-3.608316
VEH0027,2025-07-01,12:20:18,40.076158,-3.194576
VEH0027,2025-07-01,04:05:43,40.759019,-3.115685
VEH0027,2025-07-01,20:43:35,40.885099,-3.799957
VEH0027,2025-07-02,22:30:13,40.574506,-3.48772
VEH0027,2025-07-02,11:49:52,40.672352,-3.85175
VEH0027,2025-07-02,08:45:24,40.39874,-3.061714
VEH0027,2025-07-02,23:58:49,40.391962,-3.467762
VEH0027,2025-07-02,06:35:50,40.686204,-3.614767
VEH0027,2025-07-02,05:41:01,40.556234,-3.271367
VEH0027,2025-07-02,06:34:11,40.374294,-3.791834
VEH0027,2025-07-02,11:23:35,40.517503,-3.568411
VEH0027,2025-07-02,19:08:42,40.295937,-3.931444
VEH0027,2025-07-02,11:55:51,40.797316,-3.181428
VEH0027,2025-07-03,00:49:59,40.342635,-3.409668
VEH0027,2025-07-03,16:23:48,40.479957,-3.396176
VEH0027,2025-07-03,01:23:12,40.891399,-3.051367
VEH0027,2025-07-03,22:36:42,40.24012,-3.342966
VEH0027,2025-07-03,20:10:29,40.473211,-3.070125
VEH0027,2025-07-03,02:09:36,40.081066,-3.660918
VEH0027,2025-07-03,14:59:21,40.534306,-3.377492
VEH0027,2025-07-03,02:53:31,40.874478,-3.519027
VEH0027,2025-07-03,21:11:00,40.213316,-3.299684
VEH0027,2025-07-03,04:03:06,40.623627,-3.621105
VEH0027,2025-07-04,03:44:47,40.978344,-3.751192
VEH0027,2025-07-04,02:51:09,40.466098,-3.153587
VEH0027,2025-07-04,00:00:27,40.036004,-3.429583
VEH0027,2025-07-04,09:23:23,40.296053,-3.272279
VEH0027,2025-07-04,10:41:41,40.153056,-3.634244
VEH0027,2025-07-04,23:28:39,40.24821,-3.383885
VEH0027,2025-07-04,11:14:53,40.936888,-3.557483
VEH0027,2025-07-04,01:53:05,40.424826,-3.132231
VEH0027,2025-07-04,02:49:33,40.225319,-3.429785
VEH0027,2025-07-04,02:36:03,40.223205,-3.363404
VEH0028,2025-07-01,20:18:42,40.25779,-3.322684
VEH0028,2025-07-01,22:11:38,40.093891,-3.407989
VEH0028,2025-07-01,03:27:24,40.800359,-3.472174
VEH0028,2025-07-01,03:25:42,40.968825,-3.781162
VEH0028,2025-07-01,06:34:17,40.259315,-3.677689
VEH0028,2025-07-01,22:22:53,40.526831,-3.335465
VEH0028,2025-07-01,19:10:02,40.186745,-3.628054
VEH0028,2025-07-01,10:58:08,40.828656,-3.683113
VEH0028,2025-07-01,12:39:36,40.741621,-3.490195
VEH0028,2025-07-01,17:03:53,40.630674,-3.192185
VEH0028,2025-07-02,20:13:56,40.740227,-3.870281
VEH0028,2025-07-02,06:25:01,40.177877,-3.745189
VEH0028,2025-07-02,23:35:48,40.91275,-3.862505
VEH0028,2025-07-02,15:19:19,40.718733,-3.233882
VEH0028,2025-07-02,14:57:39,40.864495,-3.798779
VEH0028,2025-07-02,05:17:33,40.884046,-3.094593
VEH0028,2025-07-02,11:49:10,40.164883,-3.714403
VEH0028,2025-07-02,21:39:55,40.906889,-3.639532
VEH0028,2025-07-02,11:10:23,40.469365,-3.688315
VEH0028,2025-07-02,20:50:23,40.517563,-3.724664
VEH0028,2025-07-03,22:03:30,40.374176,-3.387855
VEH0028,2025-07-03,23:28:40,40.729427,-3.711949
VEH0028,2025-07-03,23:09:01,40.001079,-3.064351
VEH0028,2025-07-03,23:51:01,40.730525,-3.46052
VEH0028,2025-07-03,13:46:35,40.041172,-3.297352
VEH0028,2025-07-03,01:25:32,40.983953,-3.584925
VEH0028,2025-07-03,21:49:53,40.024723,-3.281868
VEH0028,2025-07-03,12:38:20,40.029006,-3.349142
VEH0028,2025-07-03,05:39:19,40.86052,-3.948056
VEH0028,2025-07-03,09:34:28,40.769951,-3.252976
VEH0028,2025-07-04,06:46:01,40.334381,-3.9598
VEH0028,2025-07-04,07:32:08,40.9066,-3.332169
VEH0028,2025-07-04,16:12:05,40.467302,-3.599229
VEH0028,2025-07-04,07:13:18,40.85888,-3.110588
VEH0028,2025-07-04,08:20:42,40.282478,-3.749551
VEH0028,2025-07-04,23:00:19,40.919873,-3.100929
VEH0028,2025-07-04,05:46:20,40.333443,-3.412136
VEH0028,2025-07-04,02:08:00,40.482728,-3.352533
VEH0028,2025-07-04,01:02:52,40.983578,-3.242934
VEH0028,2025-07-04,12:26:21,40.909741,-3.656644
VEH0029,2025-07-01,21:16:40,40.529371,-3.654764
VEH0029,2025-07-01,06:58:04,40.152957,-3.934188
VEH0029,2025-07-01,11:58:48,40.022519,-3.046084
VEH0029,2025-07-01,04:35:13,40.90218,-3.051504
VEH0029,2025-07-01,01:03:00,40.760906,-3.202363
VEH0029,2025-07-01,02:07:41,40.343586,-3.099138
VEH0029,2025-07-01,08:34:20,40.087589,-3.894173
VEH0029,2025-07-01,09:40:43,40.774202,-3.143096
VEH0029,2025-07-01,19:33:55,40.828703,-3.292817
VEH0029,2025-07-01,03:43:38,40.075998,-3.109067
VEH0029,2025-07-02,01:16:10,40.728905,-3.89492
VEH0029,2025-07-02,20:28:38,40.257405,-3.15266
VEH0029,2025-07-02,08:57:25,40.426924,-3.082863
VEH0029,2025-07-02,23:09:21,40.329868,-3.248441
VEH0029,2025-07-02,11:14:52,40.146018,-3.525017
VEH0029,2025-07-02,21:11:58,40.009294,-3.385238
VEH0029,2025-07-02,23:24:41,40.271507,-3.20939
VEH0029,2025-07-02,17:06:16,40.769335,-3.645184
VEH0029,2025-07-02,10:35:04,40.358249,-3.398674
VEH0029,2025-07-02,08:46:52,40.41803,-3.917602
VEH0029,2025-07-03,16:35:39,40.575647,-3.534212
VEH0029,2025-07-03,17:43:34,40.874892,-3.39419
VEH0029,2025-07-03,19:43:04,40.614112,-3.075038
VEH0029,2025-07-03,16:06:09,40.751726,-3.843687
VEH0029,2025-07-03,15:52:24,40.322933,-3.995525
VEH0029,2025-07-03,07:41:47,40.226644,-3.280879
VEH0029,2025-07-03,06:21:57,40.622739,-3.818355
VEH0029,2025-07-03,22:53:08,40.883334,-3.61194
VEH0029,2025-07-03,02:58:43,40.640841,-3.170493
VEH0029,2025-07-03,12:03:07,40.251322,-3.730143
VEH0029,2025-07-04,22:35:41,40.664089,-3.855181
VEH0029,2025-07-04,12:46:21,40.462342,-3.433159
VEH0029,2025-07-04,02:47:54,40.960719,-3.771108
VEH0029,2025-07-04,19:37:26,40.010774,-3.149285
VEH0029,2025-07-04,18:44:16,40.133847,-3.43127
VEH0029,2025-07-04,11:38:04,40.974056,-3.880522
VEH0029,2025-07-04,08:00:07,40.643833,-3.309702
VEH0029,2025-07-04,14:45:35,40.701293,-3.750994
VEH0029,2025-07-04,18:24:31,40.818939,-3.630641
VEH0029,2025-07-04,23:32:56,40.004827,-3.083561
VEH0030,2025-07-01,01:46:36,40.648288,-3.466577
VEH0030,2025-07-01,15:45:47,40.430793,-3.246364
VEH0030,2025-07-01,13:20:00,40.414144,-3.504026
VEH0030,2025-07-01,03:31:05,40.514265,-3.235766
VEH0030,2025-07-01,04:18:25,40.020714,-3.77449
VEH0030,2025-07-01,13:19:14,40.447683,-3.654254
VEH0030,2025-07-01,09:46:10,40.458487,-3.430583
VEH0030,2025-07-01,21:32:35,40.716003,-3.355632
VEH0030,2025-07-01,20:44:31,40.560405,-3.604305
VEH0030,2025-07-01,18:47:11,40.968199,-3.825265
VEH0030,2025-07-02,01:08:42,40.334354,-3.394571
VEH0030,2025-07-02,01:13:20,40.378132,-3.002345
VEH0030,2025-07-02,20:51:30,40.110484,-3.972874
VEH0030,2025-07-02,15:50:49,40.647193,-3.601794
VEH0030,2025-07-02,06:59:53,40.222903,-3.351586
VEH0030,2025-07-02,12:23:51,40.981032,-3.203027
VEH0030,2025-07-02,23:39:55,40.153829,-3.600533
VEH0030,2025-07-02,22:43:53,40.204087,-3.630019
VEH0030,2025-07-02,15:37:19,40.843233,-3.007524
VEH0030,2025-07-02,21:03:16,40.387682,-3.587048
VEH0030,2025-07-03,19:00:40,40.955183,-3.390551
VEH0030,2025-07-03,10:23:49,40.139196,-3.689183
VEH0030,2025-07-03,03:59:41,40.766304,-3.399623
VEH0030,2025-07-03,00:27:04,40.880418,-3.581874
VEH0030,2025-07-03,01:20:55,40.187399,-3.273634
VEH0030,2025-07-03,22:34:23,40.533716,-3.582321
VEH0030,2025-07-03,10:54:26,40.069289,-3.550828
VEH0030,2025-07-03,05:23:52,40.391934,-3.353932
VEH0030,2025-07-03,01:14:27,40.018316,-3.51748
VEH0030,2025-07-03,17:35:25,40.117585,-3.108641
VEH0030,2025-07-04,14:42:54,40.010979,-3.632283
VEH0030,2025-07-04,05:18:42,40.559233,-3.922983
VEH0030,2025-07-04,10:15:48,40.908285,-3.473659
VEH0030,2025-07-04,21:52:24,40.697654,-3.103342
VEH0030,2025-07-04,14:18:41,40.939906,-3.736761
VEH0030,2025-07-04,19:37:07,40.243578,-3.518102
VEH0030,2025-07-04,09:45:18,40.757696,-3.030857
VEH0030,2025-07-04,16:30:39,40.160168,-3.524916
VEH0030,2025-07-04,23:56:33,40.607803,-3.635288
VEH0030,2025-07-04,14:06:15,40.320175,-3.689039
VEH0031,2025-07-01,03:41:40,40.389925,-3.70811
VEH0031,2025-07-01,10:35:31,40.246239,-3.011301
VEH0031,2025-07-01,11:07:54,40.257688,-3.542544
VEH0031,2025-07-01,18:16:39,40.259092,-3.321858
VEH0031,2025-07-01,02:09:17,40.809395,-3.836824
VEH0031,2025-07-01,18:44:19,40.381172,-3.193349
VEH0031,2025-07-01,22:45:13,40.291466,-3.409398
VEH0031,2025-07-01,09:32:13,40.354577,-3.308103
VEH0031,2025-07-01,10:29:02,40.938178,-3.076791
VEH0031,2025-07-01,06:26:32,40.093024,-3.090574
VEH0031,2025-07-02,03:04:50,40.06935,-3.489401
VEH0031,2025-07-02,11:45:14,40.065468,-3.333473
VEH0031,2025-07-02,23:50:09,40.470755,-3.071945
VEH0031,2025-07-02,23:48:50,40.177427,-3.265618
VEH0031,2025-07-02,17:35:45,40.097584,-3.216856
VEH0031,2025-07-02,20:39:44,40.299804,-3.07403
VEH0031,2025-07-02,18:20:59,40.974422,-3.883006
VEH0031,2025-07-02,01:23:54,40.66882,-3.18902
VEH0031,2025-07-02,15:36:54,40.989899,-3.45758
VEH0031,2025-07-02,21:21:25,40.45455,-3.538152
VEH0031,2025-07-03,20:42:12,40.891038,-3.339758
VEH0031,2025-07-03,10:52:45,40.373782,-3.803018
VEH0031,2025-07-03,00:46:24,40.961664,-3.401085
VEH0031,2025-07-03,12:26:51,40.133058,-3.019894
VEH0031,2025-07-03,16:26:21,40.009705,-3.233016
VEH0031,2025-07-03,06:16:18,40.301906,-3.362875
VEH0031,2025-07-03,04:15:50,40.084813,-3.181737
VEH0031,2025-07-03,18:56:57,40.760081,-3.064054
VEH0031,2025-07-03,15:12:10,40.081534,-3.795846
VEH0031,2025-07-03,22:24:55,40.506596,-3.654254
VEH0031,2025-07-04,00:16:48,40.3818,-3.160008
VEH0031,2025-07-04,08:09:08,40.780088,-3.738727
VEH0031,2025-07-04,21:55:24,40.982621,-3.01924
VEH0031,2025-07-04,15:29:57,40.102212,-3.192451
VEH0031,2025-07-04,04:11:30,40.751238,-3.108274
VEH0031,2025-07-04,00:18:32,40.5065,-3.687398
VEH0031,2025-07-04,21:10:19,40.003352,-3.487296
VEH0031,2025-07-04,14:38:25,40.683622,-3.167906
VEH0031,2025-07-04,15:21:26,40.566732,-3.94154
VEH0031,2025-07-04,14:42:13,40.728613,-3.036136
VEH0032,2025-07-01,21:53:36,40.144709,-3.7366
VEH0032,2025-07-01,02:33:55,40.478277,-3.636497
VEH0032,2025-07-01,14:30:00,40.822738,-3.586062
VEH0032,2025-07-01,00:39:40,40.260543,-3.524397
VEH0032,2025-07-01,21:46:41,40.581827,-3.25911
VEH0032,2025-07-01,06:05:47,40.349041,-3.173698
VEH0032,2025-07-01,09:04:10,40.911862,-3.63302
VEH0032,2025-07-01,22:51:12,40.296271,-3.728054
VEH0032,2025-07-01,14:17:37,40.462742,-3.780617
VEH0032,2025-07-01,00:54:30,40.654046,-3.585815
VEH0032,2025-07-02,02:32:09,40.297886,-3.587404
VEH0032,2025-07-02,11:53:50,40.044797,-3.843522
VEH0032,2025-07-02,08:00:28,40.422045,-3.530579
VEH0032,2025-07-02,23:20:10,40.708993,-3.534856
VEH0032,2025-07-02,13:27:38,40.915138,-3.626666
VEH0032,2025-07-02,11:00:00,40.462463,-3.160396
VEH0032,2025-07-02,19:37:01,40.144496,-3.489041
VEH0032,2025-07-02,18:31:08,40.866518,-3.072258
VEH0032,2025-07-02,22:21:00,40.596686,-3.281649
VEH0032,2025-07-02,22:44:32,40.069902,-3.750301
VEH0032,2025-07-03,05:20:05,40.068117,-3.21377
VEH0032,2025-07-03,22:52:15,40.279018,-3.586115
VEH0032,2025-07-03,09:18:53,40.778419,-3.164012
VEH0032,2025-07-03,14:58:34,40.777944,-3.063505
VEH0032,2025-07-03,07:39:51,40.161754,-3.462308
VEH0032,2025-07-03,19:35:04,40.535481,-3.35562
VEH0032,2025-07-03,13:14:19,40.385314,-3.048792
VEH0032,2025-07-03,21:33:22,40.614183,-3.262641
VEH0032,2025-07-03,20:55:07,40.336448,-3.956823
VEH0032,2025-07-03,16:53:33,40.531457,-3.135395
VEH0032,2025-07-04,21:10:04,40.064421,-3.822716
VEH0032,2025-07-04,09:15:43,40.172882,-3.235894
VEH0032,2025-07-04,17:42:49,40.280477,-3.693407
VEH0032,2025-07-04,09:59:52,40.409081,-3.420605
VEH0032,2025-07-04,14:55:25,40.095854,-3.237903
VEH0032,2025-07-04,20:27:43,40.914353,-3.978036
VEH0032,2025-07-04,21:08:16,40.1976,-3.300049
VEH0032,2025-07-04,01:56:11,40.847943,-3.224463
VEH0032,2025-07-04,13:30:05,40.407993,-3.968134
VEH0032,2025-07-04,06:48:53,40.366234,-3.414711
VEH0033,2025-07-01,01:33:23,40.764357,-3.437809
VEH0033,2025-07-01,08:22:06,40.289173,-3.473511
VEH0033,2025-07-01,20:32:18,40.186103,-3.522064
VEH0033,2025-07-01,22:51:56,40.538861,-3.574359
VEH0033,2025-07-01,06:07:44,40.861621,-3.48663
VEH0033,2025-07-01,14:39:02,40.099665,-3.731869
VEH0033,2025-07-01,14:48:04,40.460087,-3.811211
VEH0033,2025-07-01,08:43:51,40.271956,-3.458275
VEH0033,2025-07-01,23:24:54,40.705018,-3.597196
VEH0033,2025-07-01,11:45:36,40.375757,-3.024102
VEH0033,2025-07-02,17:19:27,40.394187,-3.512646
VEH0033,2025-07-02,22:06:11,40.543868,-3.953765
VEH0033,2025-07-02,02:26:25,40.206855,-3.709106
VEH0033,2025-07-02,19:50:22,40.903752,-3.108761
VEH0033,2025-07-02,22:11:09,40.143247,-3.596197
VEH0033,2025-07-02,04:13:07,40.789036,-3.066592
VEH0033,2025-07-02,21:02:31,40.438274,-3.150626
VEH0033,2025-07-02,22:47:44,40.875097,-3.674881
VEH0033,2025-07-02,08:28:25,40.620891,-3.19188
VEH0033,2025-07-02,10:16:39,40.650246,-3.945459
VEH0033,2025-07-03,01:37:07,40.86221,-3.197038
VEH0033,2025-07-03,05:46:41,40.628964,-3.555597
VEH0033,2025-07-03,01:14:59,40.310382,-3.210134
VEH0033,2025-07-03,08:14:21,40.477006,-3.861352
VEH0033,2025-07-03,13:22:02,40.249629,-3.545917
VEH0033,2025-07-03,17:44:19,40.56953,-3.788498
VEH0033,2025-07-03,01:38:07,40.888713,-3.22454
VEH0033,2025-07-03,13:44:23,40.58086,-3.851459
VEH0033,2025-07-03,19:57:33,40.77194,-3.410789
VEH0033,2025-07-03,05:44:00,40.494689,-3.769378
VEH0033,2025-07-04,20:26:23,40.334961,-3.93531
VEH0033,2025-07-04,15:14:02,40.083163,-3.045063
VEH0033,2025-07-04,00:35:32,40.855479,-3.734581
VEH0033,2025-07-04,18:38:03,40.423432,-3.123581
VEH0033,2025-07-04,21:17:43,40.627269,-3.652323
VEH0033,2025-07-04,18:43:05,40.62041,-3.613232
VEH0033,2025-07-04,03:41:14,40.24748,-3.596134
VEH0033,2025-07-04,10:16:17,40.180339,-3.144007
VEH0033,2025-07-04,09:50:24,40.389932,-3.311962
VEH0033,2025-07-04,20:02:45,40.983941,-3.399301
VEH0034,2025-07-01,22:40:44,40.501281,-3.953169
VEH0034,2025-07-01,10:48:11,40.007969,-3.896553
VEH0034,2025-07-01,01:49:25,40.979246,-3.709309
VEH0034,2025-07-01,10:49:03,40.090747,-3.286885
VEH0034,2025-07-01,16:31:19,40.061132,-3.550228
VEH0034,2025-07-01,04:03:32,40.21054,-3.903132
VEH0034,2025-07-01,09:06:34,40.857272,-3.625975
VEH0034,2025-07-01,12:18:45,40.630727,-3.843757
VEH0034,2025-07-01,05:08:49,40.245578,-3.589719
VEH0034,2025-07-01,04:59:27,40.063708,-3.057193
VEH0034,2025-07-02,13:49:01,40.033574,-3.619231
VEH0034,2025-07-02,19:26:51,40.476115,-3.485374
VEH0034,2025-07-02,21:23:51,40.980756,-3.991028
VEH0034,2025-07-02,19:36:29,40.752274,-3.276096
VEH0034,2025-07-02,18:40:25,40.925474,-3.306987
VEH0034,2025-07-02,18:03:07,40.121251,-3.555131
VEH0034,2025-07-02,23:22:11,40.038973,-3.350692
VEH0034,2025-07-02,12:05:36,40.09476,-3.262842
VEH0034,2025-07-02,18:01:26,40.890367,-3.58456
VEH0034,2025-07-02,00:56:42,40.260782,-3.824319
VEH0034,2025-07-03,22:09:02,40.919088,-3.46204
VEH0034,2025-07-03,23:05:31,40.441298,-3.001778
VEH0034,2025-07-03,17:10:21,40.168518,-3.898787
VEH0034,2025-07-03,05:20:01,40.030985,-3.93345
VEH0034,2025-07-03,11:40:31,40.399924,-3.914588
VEH0034,2025-07-03,12:16:39,40.58683,-3.04357
VEH0034,2025-07-03,19:24:35,40.413858,-3.491917
VEH0034,2025-07-03,18:45:32,40.236784,-3.855335
VEH0034,2025-07-03,10:02:33,40.153946,-3.931643
VEH0034,2025-07-03,10:03:44,40.61308,-3.20278
VEH0034,2025-07-04,02:38:18,40.073499,-3.571618
VEH0034,2025-07-04,06:07:50,40.505232,-3.903979
VEH0034,2025-07-04,06:56:37,40.531149,-3.269297
VEH0034,2025-07-04,08:17:40,40.665463,-3.759454
VEH0034,2025-07-04,17:19:50,40.559822,-3.441026
VEH0034,2025-07-04,00:25:02,40.812804,-3.065213
VEH0034,2025-07-04,11:57:44,40.864007,-3.431108
VEH0034,2025-07-04,15:42:38,40.221664,-3.98706
VEH0034,2025-07-04,11:59:15,40.519018,-3.691768
VEH0034,2025-07-04,20:47:32,40.329082,-3.920882
VEH0035,2025-07-01,07:29:23,40.008965,-3.24487
VEH0035,2025-07-01,02:58:14,40.694435,-3.273951
VEH0035,2025-07-01,05:45:58,40.586544,-3.826773
VEH0035,2025-07-01,08:53:54,40.154959,-3.366908
VEH0035,2025-07-01,16:44:03,40.602407,-3.619687
VEH0035,2025-07-01,21:36:56,40.091538,-3.704886
VEH0035,2025-07-01,14:44:24,40.485881,-3.961499
VEH0035,2025-07-01,11:03:33,40.019421,-3.333187
VEH0035,2025-07-01,14:08:46,40.203207,-3.947527
VEH0035,2025-07-01,09:53:20,40.408742,-3.040448
VEH0035,2025-07-02,20:56:31,40.440913,-3.514168
VEH0035,2025-07-02,21:20:55,40.734288,-3.170592
VEH0035,2025-07-02,05:38:43,40.084553,-3.618319
VEH0035,2025-07-02,23:52:44,40.125922,-3.483133
VEH0035,2025-07-02,05:46:12,40.356641,-3.61931
VEH0035,2025-07-02,20:35:07,40.328933,-3.614243
VEH0035,2025-07-02,14:14:40,40.350904,-3.352796
VEH0035,2025-07-02,16:31:28,40.227121,-3.685248
VEH0035,2025-07-02,02:37:39,40.696664,-3.417952
VEH0035,2025-07-02,03:01:26,40.295302,-3.003918
VEH0035,2025-07-03,11:25:44,40.051594,-3.218713
VEH0035,2025-07-03,12:02:18,40.523786,-3.685545
VEH0035,2025-07-03,03:01:29,40.759447,-3.504289
VEH0035,2025-07-03,01:43:24,40.314956,-3.982704
VEH0035,2025-07-03,13:44:56,40.331784,-3.08277
VEH0035,2025-07-03,06:58:29,40.144703,-3.260666
VEH0035,2025-07-03,11:05:00,40.726195,-3.398826
VEH0035,2025-07-03,01:37:34,40.044854,-3.830371
VEH0035,2025-07-03,14:42:46,40.807694,-3.996717
VEH0035,2025-07-03,22:17:10,40.026976,-3.874324
VEH0035,2025-07-04,08:25:19,40.188472,-3.12518
VEH0035,2025-07-04,07:43:01,40.335486,-3.733404
VEH0035,2025-07-04,10:35:02,40.115323,-3.64657
VEH0035,2025-07-04,16:30:33,40.017657,-3.398964
VEH0035,2025-07-04,22:23:22,40.156746,-3.077989
VEH0035,2025-07-04,08:21:51,40.795696,-3.467319
VEH0035,2025-07-04,11:45:58,40.144963,-3.560819
VEH0035,2025-07-04,10:28:17,40.250956,-3.400465
VEH0035,2025-07-04,06:52:22,40.023013,-3.938213
VEH0035,2025-07-04,12:21:30,40.692879,-3.513254
VEH0036,2025-07-01,21:59:57,40.577664,-3.923689
VEH0036,2025-07-01,21:21:50,40.659738,-3.753041
VEH0036,2025-07-01,13:18:17,40.254523,-3.131697
VEH0036,2025-07-01,00:06:17,40.876831,-3.503169
VEH0036,2025-07-01,04:59:27,40.266713,-3.769968
VEH0036,2025-07-01,06:27:37,40.749932,-3.245291
VEH0036,2025-07-01,16:12:40,40.460232,-3.427652
VEH0036,2025-07-01,21:53:59,40.040541,-3.509999
VEH0036,2025-07-01,13:04:49,40.294922,-3.783813
VEH0036,2025-07-01,21:36:55,40.753042,-3.329982
VEH0036,2025-07-02,16:11:24,40.666345,-3.23634
VEH0036,2025-07-02,12:52:39,40.456002,-3.398851
VEH0036,2025-07-02,08:11:19,40.055039,-3.205151
VEH0036,2025-07-02,11:03:58,40.931455,-3.349898
VEH0036,2025-07-02,23:35:31,40.253437,-3.18172
VEH0036,2025-07-02,20:35:44,40.067264,-3.861804
VEH0036,2025-07-02,16:41:58,40.613678,-3.474058
VEH0036,2025-07-02,00:33:26,40.911083,-3.85797
VEH0036,2025-07-02,20:53:42,40.982529,-3.576562
VEH0036,2025-07-02,12:19:20,40.752081,-3.595456
VEH0036,2025-07-03,12:07:04,40.039016,-3.144767
VEH0036,2025-07-03,08:06:02,40.591519,-3.618583
VEH0036,2025-07-03,02:21:57,40.191226,-3.222196
VEH0036,2025-07-03,08:06:34,40.972996,-3.929804
VEH0036,2025-07-03,10:15:08,40.482481,-3.441774
VEH0036,2025-07-03,18:46:35,40.639974,-3.888083
VEH0036,2025-07-03,07:07:03,40.042045,-3.666378
VEH0036,2025-07-03,02:21:51,40.422476,-3.762727
VEH0036,2025-07-03,16:45:38,40.366196,-3.822494
VEH0036,2025-07-03,11:35:35,40.927938,-3.462145
VEH0036,2025-07-04,18:26:27,40.068779,-3.423859
VEH0036,2025-07-04,21:26:41,40.30988,-3.211009
VEH0036,2025-07-04,17:05:00,40.907342,-3.474097
VEH0036,2025-07-04,13:43:56,40.797756,-3.050504
VEH0036,2025-07-04,09:44:28,40.885887,-3.714167
VEH0036,2025-07-04,19:24:35,40.15648,-3.886553
VEH0036,2025-07-04,02:10:52,40.444581,-3.523108
VEH0036,2025-07-04,04:25:54,40.756569,-3.946204
VEH0036,2025-07-04,10:25:57,40.338578,-3.751057
VEH0036,2025-07-04,19:08:44,40.019314,-3.051562
VEH0037,2025-07-01,23:57:56,40.800923,-3.996865
VEH0037,2025-07-01,01:17:26,40.098958,-3.391718
VEH0037,2025-07-01,23:43:59,40.37644,-3.255728
VEH0037,2025-07-01,07:00:48,40.378148,-3.368268
VEH0037,2025-07-01,13:26:50,40.938626,-3.236682
VEH0037,2025-07-01,22:30:29,40.282018,-3.795147
VEH0037,2025-07-01,02:01:33,40.282996,-3.878217
VEH0037,2025-07-01,19:32:01,40.692995,-3.502392
VEH0037,2025-07-01,08:04:20,40.491563,-3.24799
VEH0037,2025-07-01,12:37:49,40.858025,-3.326222
VEH0037,2025-07-02,01:34:32,40.653916,-3.454488
VEH0037,2025-07-02,03:16:41,40.271721,-3.572644
VEH0037,2025-07-02,07:29:07,40.659418,-3.354443
VEH0037,2025-07-02,11:11:27,40.706834,-3.699633
VEH0037,2025-07-02,17:22:29,40.765251,-3.760882
VEH0037,2025-07-02,06:00:41,40.701414,-3.39988
VEH0037,2025-07-02,10:05:11,40.331389,-3.917842
VEH0037,2025-07-02,14:51:29,40.304871,-3.134872
VEH0037,2025-07-02,14:47:58,40.671202,-3.671143
VEH0037,2025-07-02,21:40:24,40.95538,-3.871307
VEH0037,2025-07-03,17:01:37,40.433824,-3.7105
VEH0037,2025-07-03,09:09:07,40.013797,-3.03852
VEH0037,2025-07-03,19:47:08,40.117073,-3.738752
VEH0037,2025-07-03,05:34:43,40.230741,-3.960424
VEH0037,2025-07-03,20:25:14,40.342966,-3.124761
VEH0037,2025-07-03,06:26:47,40.744668,-3.561334
VEH0037,2025-07-03,13:15:14,40.012446,-3.309406
VEH0037,2025-07-03,00:37:34,40.420159,-3.309525
VEH0037,2025-07-03,22:42:15,40.887277,-3.994185
VEH0037,2025-07-03,15:25:58,40.763488,-3.235462
VEH0037,2025-07-04,05:23:33,40.450265,-3.092851
VEH0037,2025-07-04,10:27:23,40.595874,-3.94036
VEH0037,2025-07-04,13:27:10,40.445587,-3.514794
VEH0037,2025-07-04,19:14:28,40.393832,-3.774787
VEH0037,2025-07-04,07:48:02,40.241334,-3.972459
VEH0037,2025-07-04,18:43:09,40.777548,-3.464971
VEH0037,2025-07-04,11:01:58,40.343927,-3.829927
VEH0037,2025-07-04,19:08:50,40.431196,-3.220527
VEH0037,2025-07-04,13:12:40,40.752195,-3.934055
VEH0037,2025-07-04,22:46:17,40.199219,-3.739625
VEH0038,2025-07-01,05:55:10,40.584439,-3.930581
VEH0038,2025-07-01,15:47:37,40.087725,-3.861084
VEH0038,2025-07-01,03:55:56,40.299695,-3.434482
VEH0038,2025-07-01,11:15:35,40.746292,-3.006142
VEH0038,2025-07-01,10:13:00,40.370302,-3.325155
VEH0038,2025-07-01,13:47:34,40.983737,-3.783969
VEH0038,2025-07-01,10:45:36,40.14511,-3.64668
VEH0038,2025-07-01,00:48:23,40.02461,-3.980055
VEH0038,2025-07-01,10:00:14,40.501752,-3.385329
VEH0038,2025-07-01,16:07:53,40.277149,-3.741388
VEH0038,2025-07-02,14:10:37,40.445824,-3.487348
VEH0038,2025-07-02,23:59:20,40.081422,-3.595671
VEH0038,2025-07-02,05:39:26,40.998045,-3.2943
VEH0038,2025-07-02,11:46:38,40.587645,-3.924286
VEH0038,2025-07-02,20:28:57,40.888851,-3.663543
VEH0038,2025-07-02,23:38:48,40.940791,-3.628291
VEH0038,2025-07-02,19:12:40,40.183066,-3.591464
VEH0038,2025-07-02,17:41:21,40.787598,-3.813988
VEH0038,2025-07-02,06:42:51,40.743372,-3.772424
VEH0038,2025-07-02,00:00:30,40.523859,-3.450574
VEH0038,2025-07-03,13:42:59,40.636373,-3.238779
VEH0038,2025-07-03,03:40:40,40.859032,-3.182284
VEH0038,2025-07-03,17:21:44,40.945642,-3.038642
VEH0038,2025-07-03,03:25:36,40.867183,-3.351098
VEH0038,2025-07-03,00:32:22,40.410594,-3.353484
VEH0038,2025-07-03,09:19:07,40.989054,-3.569775
VEH0038,2025-07-03,10:21:24,40.914633,-3.41068
VEH0038,2025-07-03,02:34:41,40.464086,-3.595764
VEH0038,2025-07-03,15:45:03,40.800742,-3.637219
VEH0038,2025-07-03,17:55:34,40.421671,-3.906121
VEH0038,2025-07-04,13:20:44,40.245846,-3.938199
VEH0038,2025-07-04,22:28:54,40.323373,-3.024266
VEH0038,2025-07-04,10:58:33,40.156815,-3.007059
VEH0038,2025-07-04,23:38:32,40.857446,-3.544711
VEH0038,2025-07-04,12:05:02,40.230541,-3.659215
VEH0038,2025-07-04,01:25:01,40.070306,-3.713591
VEH0038,2025-07-04,17:44:31,40.982405,-3.066301
VEH0038,2025-07-04,12:08:48,40.665521,-3.238956
VEH0038,2025-07-04,16:47:41,40.722515,-3.81967
VEH0038,2025-07-04,21:29:15,40.45606,-3.384548
VEH0039,2025-07-01,17:58:27,40.411614,-3.356695
VEH0039,2025-07-01,16:17:08,40.824966,-3.960582
VEH0039,2025-07-01,09:08:23,40.347197,-3.225247
VEH0039,2025-07-01,07:28:38,40.600858,-3.077779
VEH0039,2025-07-01,03:01:25,40.841668,-3.319407
VEH0039,2025-07-01,23:19:47,40.922291,-3.492673
VEH0039,2025-07-01,11:19:30,40.130164,-3.543608
VEH0039,2025-07-01,17:45:47,40.707216,-3.151915
VEH0039,2025-07-01,21:46:19,40.039614,-3.874016
VEH0039,2025-07-01,19:38:39,40.069691,-3.170791
VEH0039,2025-07-02,01:04:08,40.312994,-3.058559
VEH0039,2025-07-02,22:57:43,40.372032,-3.69321
VEH0039,2025-07-02,18:45:44,40.258932,-3.040007
VEH0039,2025-07-02,05:58:48,40.245241,-3.079884
VEH0039,2025-07-02,11:45:26,40.174157,-3.923568
VEH0039,2025-07-02,18:36:51,40.796578,-3.323572
VEH0039,2025-07-02,22:27:08,40.476264,-3.139392
VEH0039,2025-07-02,20:57:55,40.44092,-3.389333
VEH0039,2025-07-02,12:33:07,40.350574,-3.093314
VEH0039,2025-07-02,20:03:46,40.696928,-3.984256
VEH0039,2025-07-03,03:24:02,40.630426,-3.336226
VEH0039,2025-07-03,06:53:09,40.952638,-3.077639
VEH0039,2025-07-03,07:58:32,40.470841,-3.359306
VEH0039,2025-07-03,23:07:01,40.599277,-3.879691
VEH0039,2025-07-03,10:48:00,40.479082,-3.271127
VEH0039,2025-07-03,10:24:32,40.488787,-3.45553
VEH0039,2025-07-03,12:50:57,40.325074,-3.236562
VEH0039,2025-07-03,15:59:59,40.916575,-3.304197
VEH0039,2025-07-03,11:18:19,40.506922,-3.63906
VEH0039,2025-07-03,18:27:27,40.505176,-3.933945
VEH0039,2025-07-04,14:17:58,40.033606,-3.592385
VEH0039,2025-07-04,21:35:49,40.530002,-3.645939
VEH0039,2025-07-04,16:21:35,40.302726,-3.474537
VEH0039,2025-07-04,09:16:39,40.089617,-3.110588
VEH0039,2025-07-04,15:22:55,40.325531,-3.588776
VEH0039,2025-07-04,07:59:32,40.556829,-3.385624
VEH0039,2025-07-04,14:33:46,40.500227,-3.1792
VEH0039,2025-07-04,02:16:29,40.353752,-3.766095
VEH0039,2025-07-04,16:24:42,40.312373,-3.454634
VEH0039,2025-07-04,04:56:31,40.584599,-3.447869
VEH0040,2025-07-01,16:57:01,40.028743,-3.454177
VEH0040,2025-07-01,21:55:01,40.534906,-3.734425
VEH0040,2025-07-01,21:09:13,40.354291,-3.503321
VEH0040,2025-07-01,16:29:43,40.511722,-3.802982
VEH0040,2025-07-01,05:46:10,40.732221,-3.461933
VEH0040,2025-07-01,04:03:56,40.89896,-3.19863
VEH0040,2025-07-01,06:52:49,40.509691,-3.895193
VEH0040,2025-07-01,19:16:40,40.287439,-3.377445
VEH0040,2025-07-01,09:51:26,40.194914,-3.088256
VEH0040,2025-07-01,18:47:24,40.29663,-3.307778
VEH0040,2025-07-02,09:30:57,40.281717,-3.385668
VEH0040,2025-07-02,15:51:03,40.528053,-3.355811
VEH0040,2025-07-02,14:20:36,40.155577,-3.007989
VEH0040,2025-07-02,09:30:35,40.823908,-3.960218
VEH0040,2025-07-02,03:38:07,40.607149,-3.766223
VEH0040,2025-07-02,23:11:48,40.463607,-3.446278
VEH0040,2025-07-02,03:43:18,40.518804,-3.578811
VEH0040,2025-07-02,00:43:21,40.650153,-3.000963
VEH0040,2025-07-02,03:51:36,40.715457,-3.285578
VEH0040,2025-07-02,13:44:29,40.032123,-3.513149
VEH0040,2025-07-03,05:24:05,40.202532,-3.913344
VEH0040,2025-07-03,23:34:56,40.35149,-3.230923
VEH0040,2025-07-03,13:12:13,40.064631,-3.607597
VEH0040,2025-07-03,07:32:04,40.795441,-3.136939
VEH0040,2025-07-03,21:57:07,40.340211,-3.312189
VEH0040,2025-07-03,10:34:43,40.96532,-3.744989
VEH0040,2025-07-03,03:31:33,40.242451,-3.531628
VEH0040,2025-07-03,05:00:09,40.591549,-3.406247
VEH0040,2025-07-03,21:07:19,40.555829,-3.964342
VEH0040,2025-07-03,02:31:47,40.440648,-3.598258
VEH0040,2025-07-04,18:11:48,40.951883,-3.433514
VEH0040,2025-07-04,19:57:51,40.858741,-3.250274
VEH0040,2025-07-04,15:21:38,40.271491,-3.205003
VEH0040,2025-07-04,19:36:21,40.214722,-3.115693
VEH0040,2025-07-04,16:49:25,40.993968,-3.327064
VEH0040,2025-07-04,04:31:57,40.863375,-3.465061
VEH0040,2025-07-04,06:19:53,40.344203,-3.241579
VEH0040,2025-07-04,11:57:55,40.252948,-3.670905
VEH0040,2025-07-04,15:51:44,40.45918,-3.800417
VEH0040,2025-07-04,12:03:15,40.277285,-3.059891
VEH0041,2025-07-01,17:39:29,40.303828,-3.440853
VEH0041,2025-07-01,02:48:25,40.604413,-3.744365
VEH0041,2025-07-01,21:21:40,40.289424,-3.472934
VEH0041,2025-07-01,18:16:22,40.308277,-3.600715
VEH0041,2025-07-01,10:33:42,40.725124,-3.846175
VEH0041,2025-07-01,03:57:47,40.789526,-3.28827
VEH0041,2025-07-01,19:11:19,40.018708,-3.982481
VEH0041,2025-07-01,09:23:43,40.368835,-3.480949
VEH0041,2025-07-01,22:20:59,40.091651,-3.987376
VEH0041,2025-07-01,11:44:29,40.066955,-3.246891
VEH0041,2025-07-02,11:19:51,40.873028,-3.151369
VEH0041,2025-07-02,19:57:39,40.678892,-3.848079
VEH0041,2025-07-02,17:07:58,40.229466,-3.472191
VEH0041,2025-07-02,22:31:08,40.943419,-3.000753
VEH0041,2025-07-02,00:23:19,40.897861,-3.174173
VEH0041,2025-07-02,21:11:57,40.871557,-3.370345
VEH0041,2025-07-02,20:02:06,40.782746,-3.786657
VEH0041,2025-07-02,18:07:40,40.12905,-3.790761
VEH0041,2025-07-02,06:59:45,40.403397,-3.195502
VEH0041,2025-07-02,19:55:57,40.721374,-3.072045
VEH0041,2025-07-03,10:02:00,40.477034,-3.570851
VEH0041,2025-07-03,20:15:33,40.594531,-3.058656
VEH0041,2025-07-03,20:15:13,40.746199,-3.384837
VEH0041,2025-07-03,02:40:17,40.745709,-3.64144
VEH0041,2025-07-03,12:35:21,40.290985,-3.517234
VEH0041,2025-07-03,06:43:12,40.853069,-3.580183
VEH0041,2025-07-03,00:45:31,40.568347,-3.823616
VEH0041,2025-07-03,08:55:29,40.923124,-3.880562
VEH0041,2025-07-03,17:12:54,40.587828,-3.700425
VEH0041,2025-07-03,15:01:11,40.615372,-3.211705
VEH0041,2025-07-04,02:32:55,40.411257,-3.986345
VEH0041,2025-07-04,01:15:27,40.094821,-3.904983
VEH0041,2025-07-04,15:32:05,40.176325,-3.43273
VEH0041,2025-07-04,04:28:40,40.968505,-3.898037
VEH0041,2025-07-04,02:35:55,40.893146,-3.323871
VEH0041,2025-07-04,22:45:13,40.266621,-3.2945
VEH0041,2025-07-04,05:07:06,40.219388,-3.414276
VEH0041,2025-07-04,15:52:35,40.567793,-3.410172
VEH0041,2025-07-04,13:06:09,40.005432,-3.356275
VEH0041,2025-07-04,21:14:01,40.024436,-3.470806
VEH0042,2025-07-01,09:30:16,40.822076,-3.964971
VEH0042,2025-07-01,02:08:30,40.362725,-3.080924
VEH0042,2025-07-01,21:40:53,40.352758,-3.012535
VEH0042,2025-07-01,09:31:48,40.522736,-3.928166
VEH0042,2025-07-01,13:11:28,40.89698,-3.797471
VEH0042,2025-07-01,19:02:10,40.179588,-3.862957
VEH0042,2025-07-01,09:09:30,40.890582,-3.180216
VEH0042,2025-07-01,04:52:33,40.426175,-3.992815
VEH0042,2025-07-01,18:45:12,40.741078,-3.35222
VEH0042,2025-07-01,16:06:23,40.531181,-3.898493
VEH0042,2025-07-02,21:07:58,40.264383,-3.891158
VEH0042,2025-07-02,10:00:08,40.415257,-3.589057
VEH0042,2025-07-02,09:46:20,40.826547,-3.089228
VEH0042,2025-07-02,08:53:07,40.448487,-3.908782
VEH0042,2025-07-02,15:55:23,40.956284,-3.079062
VEH0042,2025-07-02,13:22:49,40.402377,-3.979958
VEH0042,2025-07-02,04:32:06,40.17336,-3.366392
VEH0042,2025-07-02,18:52:17,40.916991,-3.732163
VEH0042,2025-07-02,02:52:31,40.249014,-3.338572
VEH0042,2025-07-02,16:58:06,40.656396,-3.341825
VEH0042,2025-07-03,15:20:11,40.580035,-3.5478
VEH0042,2025-07-03,21:07:30,40.166492,-3.000604
VEH0042,2025-07-03,20:53:34,40.404701,-3.697088
VEH0042,2025-07-03,08:18:58,40.178048,-3.028373
VEH0042,2025-07-03,03:59:32,40.71491,-3.634012
VEH0042,2025-07-03,03:28:45,40.472624,-3.418194
VEH0042,2025-07-03,01:24:23,40.186817,-3.875007
VEH0042,2025-07-03,16:19:58,40.962858,-3.21289
VEH0042,2025-07-03,20:30:21,40.227994,-3.129642
VEH0042,2025-07-03,16:08:24,40.906795,-3.639589
VEH0042,2025-07-04,10:23:54,40.46012,-3.588186
VEH0042,2025-07-04,21:29:54,40.607088,-3.177594
VEH0042,2025-07-04,20:01:35,40.815982,-3.064251
VEH0042,2025-07-04,12:39:16,40.991185,-3.900923
VEH0042,2025-07-04,21:03:08,40.566543,-3.699474
VEH0042,2025-07-04,05:16:13,40.650547,-3.295901
VEH0042,2025-07-04,03:54:55,40.107173,-3.558384
VEH0042,2025-07-04,04:50:39,40.815175,-3.345318
VEH0042,2025-07-04,00:02:35,40.15036,-3.463091
VEH0042,2025-07-04,13:45:30,40.524478,-3.389984
VEH0043,2025-07-01,00:01:17,40.633667,-3.950237
VEH0043,2025-07-01,16:13:49,40.929889,-3.286655
VEH0043,2025-07-01,00:26:52,40.399347,-3.767636
VEH0043,2025-07-01,03:09:13,40.229424,-3.603284
VEH0043,2025-07-01,04:55:30,40.416362,-3.345435
VEH0043,2025-07-01,01:46:57,40.907296,-3.350014
VEH0043,2025-07-01,19:52:32,40.408346,-3.311254
VEH0043,2025-07-01,16:46:59,40.52426,-3.011292
VEH0043,2025-07-01,19:52:05,40.760181,-3.652794
VEH0043,2025-07-01,10:02:31,40.162077,-3.817721
VEH0043,2025-07-02,05:05:52,40.426373,-3.737546
VEH0043,2025-07-02,05:26:02,40.13731,-3.754123
VEH0043,2025-07-02,22:36:07,40.744758,-3.805183
VEH0043,2025-07-02,05:52:54,40.15132,-3.87605
VEH0043,2025-07-02,04:04:53,40.710717,-3.169414
VEH0043,2025-07-02,10:19:35,40.486421,-3.787664
VEH0043,2025-07-02,03:00:51,40.892899,-3.248529
VEH0043,2025-07-02,06:51:14,40.279756,-3.656907
VEH0043,2025-07-02,18:06:58,40.361606,-3.688924
VEH0043,2025-07-02,14:56:54,40.918319,-3.810041
VEH0043,2025-07-03,02:07:31,40.731794,-3.444703
VEH0043,2025-07-03,14:46:34,40.904849,-3.737507
VEH0043,2025-07-03,18:01:39,40.882357,-3.216557
VEH0043,2025-07-03,10:30:38,40.616913,-3.997983
VEH0043,2025-07-03,13:12:28,40.814146,-3.467433
VEH0043,2025-07-03,15:02:30,40.837386,-3.486078
VEH0043,2025-07-03,19:59:13,40.101295,-3.784152
VEH0043,2025-07-03,12:06:29,40.043255,-3.103706
VEH0043,2025-07-03,05:07:16,40.632117,-3.572651
VEH0043,2025-07-03,15:27:03,40.314638,-3.434094
VEH0043,2025-07-04,04:55:53,40.525762,-3.185138
VEH0043,2025-07-04,01:22:38,40.816692,-3.190077
VEH0043,2025-07-04,13:47:58,40.762162,-3.086794
VEH0043,2025-07-04,07:39:13,40.008138,-3.039792
VEH0043,2025-07-04,20:02:39,40.427073,-3.167366
VEH0043,2025-07-04,09:43:56,40.150168,-3.925574
VEH0043,2025-07-04,07:30:46,40.451604,-3.08742
VEH0043,2025-07-04,15:50:30,40.993909,-3.869338
VEH0043,2025-07-04,00:02:30,40.417655,-3.97649
VEH0043,2025-07-04,08:59:10,40.941341,-3.47814
VEH0044,2025-07-01,19:13:14,40.407449,-3.971834
VEH0044,2025-07-01,13:23:16,40.491542,-3.794642
VEH0044,2025-07-01,04:57:55,40.351259,-3.919838
VEH0044,2025-07-01,09:51:43,40.127737,-3.88058
VEH0044,2025-07-01,14:07:43,40.577444,-3.829499
VEH0044,2025-07-01,15:48:34,40.42637,-3.603192
VEH0044,2025-07-01,09:52:32,40.010819,-3.315667
VEH0044,2025-07-01,08:50:41,40.405733,-3.223002
VEH0044,2025-07-01,21:00:34,40.06904,-3.984632
VEH0044,2025-07-01,15:35:21,40.627104,-3.882787
VEH0044,2025-07-02,14:51:05,40.437291,-3.59262
VEH0044,2025-07-02,01:11:08,40.410493,-3.269171
VEH0044,2025-07-02,10:55:32,40.701526,-3.944615
VEH0044,2025-07-02,09:48:07,40.266598,-3.353057
VEH0044,2025-07-02,04:46:19,40.771385,-3.520858
VEH0044,2025-07-02,02:43:53,40.977762,-3.92048
VEH0044,2025-07-02,04:08:33,40.110565,-3.424186
VEH0044,2025-07-02,14:39:22,40.896954,-3.715168
VEH0044,2025-07-02,14:55:53,40.875788,-3.639121
VEH0044,2025-07-02,08:13:10,40.155745,-3.881949
VEH0044,2025-07-03,13:19:41,40.113135,-3.435439
VEH0044,2025-07-03,04:10:03,40.694363,-3.276936
VEH0044,2025-07-03,18:35:57,40.511449,-3.699788
VEH0044,2025-07-03,19:24:55,40.048372,-3.051676
VEH0044,2025-07-03,04:45:06,40.037115,-3.182967
VEH0044,2025-07-03,18:30:56,40.77145,-3.97081
VEH0044,2025-07-03,13:03:05,40.816961,-3.820326
VEH0044,2025-07-03,15:28:15,40.715843,-3.196423
VEH0044,2025-07-03,20:31:19,40.490194,-3.589917
VEH0044,2025-07-03,11:42:34,40.515348,-3.551066
VEH0044,2025-07-04,08:20:21,40.025013,-3.125433
VEH0044,2025-07-04,07:37:33,40.604025,-3.260023
VEH0044,2025-07-04,11:53:44,40.85268,-3.169448
VEH0044,2025-07-04,17:39:08,40.813136,-3.091221
VEH0044,2025-07-04,05:11:28,40.124643,-3.656842
VEH0044,2025-07-04,22:26:03,40.555638,-3.066442
VEH0044,2025-07-04,23:25:21,40.52141,-3.167909
VEH0044,2025-07-04,06:38:00,40.244791,-3.16688
VEH0044,2025-07-04,21:14:01,40.23008,-3.133955
VEH0044,2025-07-04,19:45:12,40.880639,-3.575935
VEH0045,2025-07-01,17:14:10,40.699864,-3.764502
VEH0045,2025-07-01,03:44:42,40.199929,-3.103157
VEH0045,2025-07-01,00:55:51,40.039068,-3.857912
VEH0045,2025-07-01,00:34:32,40.495983,-3.450475
VEH0045,2025-07-01,11:27:07,40.158854,-3.887686
VEH0045,2025-07-01,03:29:37,40.719547,-3.157986
VEH0045,2025-07-01,08:34:53,40.21653,-3.514177
VEH0045,2025-07-01,01:30:14,40.188856,-3.312061
VEH0045,2025-07-01,19:28:13,40.818928,-3.815231
VEH0045,2025-07-01,23:48:24,40.679269,-3.50469
VEH0045,2025-07-02,23:22:25,40.763308,-3.532956
VEH0045,2025-07-02,16:56:36,40.485786,-3.912826
VEH0045,2025-07-02,22:27:15,40.553497,-3.936182
VEH0045,2025-07-02,09:14:26,40.183803,-3.975465
VEH0045,2025-07-02,23:57:04,40.793167,-3.164192
VEH0045,2025-07-02,07:10:53,40.795352,-3.622943
VEH0045,2025-07-02,13:58:59,40.423788,-3.461299
VEH0045,2025-07-02,07:19:44,40.942743,-3.652059
VEH0045,2025-07-02,19:36:06,40.772692,-3.358623
VEH0045,2025-07-02,23:38:18,40.527382,-3.185954
VEH0045,2025-07-03,17:57:55,40.993975,-3.691274
VEH0045,2025-07-03,21:13:46,40.361558,-3.192686
VEH0045,2025-07-03,07:35:46,40.625393,-3.940787
VEH0045,2025-07-03,19:16:52,40.351319,-3.272408
VEH0045,2025-07-03,02:59:54,40.973165,-3.585808
VEH0045,2025-07-03,04:26:16,40.760956,-3.266058
VEH0045,2025-07-03,04:05:24,40.417429,-3.613485
VEH0045,2025-07-03,09:54:40,40.929925,-3.781739
VEH0045,2025-07-03,14:50:04,40.13611,-3.009804
VEH0045,2025-07-03,07:26:31,40.856868,-3.849895
VEH0045,2025-07-04,04:59:01,40.065468,-3.514253
VEH0045,2025-07-04,03:43:02,40.127873,-3.528884
VEH0045,2025-07-04,06:33:39,40.720035,-3.673696
VEH0045,2025-07-04,10:17:26,40.93585,-3.07431
VEH0045,2025-07-04,02:33:14,40.649267,-3.663022
VEH0045,2025-07-04,15:01:43,40.226193,-3.5849
VEH0045,2025-07-04,02:44:27,40.176337,-3.403329
VEH0045,2025-07-04,04:55:50,40.408187,-3.32854
VEH0045,2025-07-04,07:02:21,40.932521,-3.809935
VEH0045,2025-07-04,17:13:57,40.833972,-3.873241
VEH0046,2025-07-01,06:35:37,40.338142,-3.048976
VEH0046,2025-07-01,18:50:15,40.558796,-3.723951
VEH0046,2025-07-01,21:38:37,40.91434,-3.188386
VEH0046,2025-07-01,04:01:43,40.387255,-3.190238
VEH0046,2025-07-01,20:17:20,40.83256,-3.587988
VEH0046,2025-07-01,02:34:07,40.441949,-3.504574
VEH0046,2025-07-01,12:18:55,40.100653,-3.861763
VEH0046,2025-07-01,23:41:46,40.63361,-3.32717
VEH0046,2025-07-01,07:37:21,40.163247,-3.244746
VEH0046,2025-07-01,01:36:42,40.046525,-3.243807
VEH0046,2025-07-02,20:28:06,40.230343,-3.781156
VEH0046,2025-07-02,07:17:40,40.043748,-3.001778
VEH0046,2025-07-02,22:34:56,40.053553,-3.208129
VEH0046,2025-07-02,05:02:50,40.311281,-3.660633
VEH0046,2025-07-02,16:51:02,40.745519,-3.961535
VEH0046,2025-07-02,05:33:16,40.597587,-3.679657
VEH0046,2025-07-02,07:07:50,40.878812,-3.036447
VEH0046,2025-07-02,20:23:08,40.190078,-3.252681
VEH0046,2025-07-02,15:19:59,40.637872,-3.663971
VEH0046,2025-07-02,16:35:40,40.107274,-3.816424
VEH0046,2025-07-03,14:54:09,40.779525,-3.761695
VEH0046,2025-07-03,00:02:28,40.839161,-3.231215
VEH0046,2025-07-03,07:37:16,40.291184,-3.622163
VEH0046,2025-07-03,08:01:08,40.799019,-3.270962
VEH0046,2025-07-03,10:39:30,40.321847,-3.635353
VEH0046,2025-07-03,21:54:37,40.030034,-3.92981
VEH0046,2025-07-03,04:30:36,40.442693,-3.354881
VEH0046,2025-07-03,13:48:08,40.082543,-3.181588
VEH0046,2025-07-03,18:28:49,40.242226,-3.534188
VEH0046,2025-07-03,11:55:07,40.791857,-3.377181
VEH0046,2025-07-04,09:09:22,40.115388,-3.98605
VEH0046,2025-07-04,08:32:11,40.415115,-3.148255
VEH0046,2025-07-04,12:00:04,40.682318,-3.103441
VEH0046,2025-07-04,17:15:06,40.335152,-3.943222
VEH0046,2025-07-04,07:24:43,40.395579,-3.206012
VEH0046,2025-07-04,15:18:34,40.25068,-3.223364
VEH0046,2025-07-04,23:50:02,40.78221,-3.276855
VEH0046,2025-07-04,16:58:04,40.0723,-3.115165
VEH0046,2025-07-04,15:22:20,40.643829,-3.713411
VEH0046,2025-07-04,22:46:37,40.836959,-3.374536
VEH0047,2025-07-01,23:53:43,40.806656,-3.153948
VEH0047,2025-07-01,07:24:13,40.788023,-3.156123
VEH0047,2025-07-01,07:48:43,40.986602,-3.101549
VEH0047,2025-07-01,07:36:50,40.132992,-3.295022
VEH0047,2025-07-01,11:33:22,40.847307,-3.691643
VEH0047,2025-07-01,19:13:03,40.225691,-3.467421
VEH0047,2025-07-01,11:04:35,40.097405,-3.549437
VEH0047,2025-07-01,05:06:14,40.70218,-3.633314
VEH0047,2025-07-01,00:37:10,40.523009,-3.66283
VEH0047,2025-07-01,15:09:36,40.431769,-3.42114
VEH0047,2025-07-02,17:26:27,40.431863,-3.516848
VEH0047,2025-07-02,12:11:37,40.423687,-3.863399
VEH0047,2025-07-02,15:17:24,40.002675,-3.928339
VEH0047,2025-07-02,22:56:46,40.04584,-3.025214
VEH0047,2025-07-02,12:19:04,40.635884,-3.835319
VEH0047,2025-07-02,13:49:31,40.32488,-3.268412
VEH0047,2025-07-02,16:58:52,40.02123,-3.947896
VEH0047,2025-07-02,16:16:38,40.977584,-3.752715
VEH0047,2025-07-02,10:45:36,40.735395,-3.065194
VEH0047,2025-07-02,12:33:56,40.09953,-3.962186
VEH0047,2025-07-03,04:38:37,40.351987,-3.832003
VEH0047,2025-07-03,21:49:53,40.305656,-3.322609
VEH0047,2025-07-03,18:53:22,40.25046,-3.026275
VEH0047,2025-07-03,09:16:34,40.94042,-3.327985
VEH0047,2025-07-03,07:56:47,40.861851,-3.029874
VEH0047,2025-07-03,06:47:35,40.059926,-3.403449
VEH0047,2025-07-03,19:27:03,40.619519,-3.695108
VEH0047,2025-07-03,16:49:22,40.851876,-3.452062
VEH0047,2025-07-03,05:14:32,40.001592,-3.33831
VEH0047,2025-07-03,02:52:20,40.998077,-3.258239
VEH0047,2025-07-04,00:37:01,40.037911,-3.553812
VEH0047,2025-07-04,04:21:24,40.23879,-3.742725
VEH0047,2025-07-04,17:39:03,40.215675,-3.991441
VEH0047,2025-07-04,22:05:30,40.98308,-3.617537
VEH0047,2025-07-04,17:04:45,40.090303,-3.276133
VEH0047,2025-07-04,13:50:34,40.590518,-3.73488
VEH0047,2025-07-04,22:14:44,40.083675,-3.305978
VEH0047,2025-07-04,06:08:27,40.149902,-3.133024
VEH0047,2025-07-04,22:09:29,40.123488,-3.889826
VEH0047,2025-07-04,04:41:53,40.842453,-3.447476
VEH0048,2025-07-01,08:32:56,40.810679,-3.358461
VEH0048,2025-07-01,07:24:25,40.848183,-3.810484
VEH0048,2025-07-01,01:02:45,40.633139,-3.615438
VEH0048,2025-07-01,15:45:50,40.4056,-3.251295
VEH0048,2025-07-01,06:04:47,40.682854,-3.696596
VEH0048,2025-07-01,06:40:09,40.811986,-3.057159
VEH0048,2025-07-01,21:17:55,40.723914,-3.059913
VEH0048,2025-07-01,13:24:48,40.169302,-3.186343
VEH0048,2025-07-01,01:09:39,40.3585,-3.963525
VEH0048,2025-07-01,20:15:25,40.392888,-3.790181
VEH0048,2025-07-02,02:59:26,40.835174,-3.897112
VEH0048,2025-07-02,15:50:45,40.192516,-3.475003
VEH0048,2025-07-02,15:36:38,40.112461,-3.642116
VEH0048,2025-07-02,17:26:16,40.698989,-3.980962
VEH0048,2025-07-02,23:30:35,40.586673,-3.615878
VEH0048,2025-07-02,23:19:41,40.515137,-3.999761
VEH0048,2025-07-02,18:54:34,40.892495,-3.848646
VEH0048,2025-07-02,00:38:00,40.561781,-3.823289
VEH0048,2025-07-02,01:27:59,40.295868,-3.233083
VEH0048,2025-07-02,22:04:10,40.570722,-3.879352
VEH0048,2025-07-03,03:55:27,40.806407,-3.357309
VEH0048,2025-07-03,12:40:27,40.354722,-3.93241
VEH0048,2025-07-03,23:07:08,40.589095,-3.837014
VEH0048,2025-07-03,09:37:47,40.199164,-3.875105
VEH0048,2025-07-03,16:12:42,40.64978,-3.13501
VEH0048,2025-07-03,04:04:01,40.81092,-3.64194
VEH0048,2025-07-03,11:12:40,40.986326,-3.339483
VEH0048,2025-07-03,08:35:03,40.417952,-3.72671
VEH0048,2025-07-03,21:02:48,40.99335,-3.326576
VEH0048,2025-07-03,18:55:30,40.590276,-3.428261
VEH0048,2025-07-04,12:44:35,40.699018,-3.620864
VEH0048,2025-07-04,22:47:56,40.393087,-3.715091
VEH0048,2025-07-04,06:41:39,40.994011,-3.713984
VEH0048,2025-07-04,09:05:40,40.762275,-3.03755
VEH0048,2025-07-04,21:13:47,40.024781,-3.968855
VEH0048,2025-07-04,18:09:57,40.351501,-3.642521
VEH0048,2025-07-04,14:26:05,40.879111,-3.43639
VEH0048,2025-07-04,00:18:41,40.708902,-3.760566
VEH0048,2025-07-04,20:10:48,40.50128,-3.178245
VEH0048,2025-07-04,06:25:53,40.208474,-3.719102
VEH0049,2025-07-01,01:36:33,40.937813,-3.785775
VEH0049,2025-07-01,01:15:36,40.511218,-3.512586
VEH0049,2025-07-01,21:19:01,40.197885,-3.172215
VEH0049,2025-07-01,18:27:28,40.890846,-3.856839
VEH0049,2025-07-01,16:08:18,40.94277,-3.537198
VEH0049,2025-07-01,05:23:08,40.515782,-3.640606
VEH0049,2025-07-01,04:04:42,40.914244,-3.870302
VEH0049,2025-07-01,03:13:42,40.795448,-3.813315
VEH0049,2025-07-01,07:31:23,40.230868,-3.75233
VEH0049,2025-07-01,07:21:48,40.49742,-3.505256
VEH0049,2025-07-02,13:16:00,40.744015,-3.120245
VEH0049,2025-07-02,16:00:54,40.581909,-3.30821
VEH0049,2025-07-02,18:24:40,40.149236,-3.308542
VEH0049,2025-07-02,01:03:22,40.424449,-3.439939
VEH0049,2025-07-02,18:56:57,40.317977,-3.738605
VEH0049,2025-07-02,09:34:14,40.970018,-3.263103
VEH0049,2025-07-02,16:17:29,40.821455,-3.367791
VEH0049,2025-07-02,07:27:04,40.301444,-3.175091
VEH0049,2025-07-02,23:50:36,40.146642,-3.251225
VEH0049,2025-07-02,03:36:07,40.8509,-3.976215
VEH0049,2025-07-03,05:48:39,40.403233,-3.963961
VEH0049,2025-07-03,19:17:35,40.314485,-3.908651
VEH0049,2025-07-03,00:59:12,40.114608,-3.278
VEH0049,2025-07-03,09:15:14,40.823605,-3.971454
VEH0049,2025-07-03,01:15:12,40.113266,-3.847724
VEH0049,2025-07-03,22:49:00,40.826177,-3.869414
VEH0049,2025-07-03,08:56:17,40.846506,-3.916399
VEH0049,2025-07-03,06:55:54,40.425095,-3.140994
VEH0049,2025-07-03,10:36:18,40.719095,-3.219538
VEH0049,2025-07-03,05:55:24,40.385129,-3.318371
VEH0049,2025-07-04,02:37:35,40.987789,-3.421669
VEH0049,2025-07-04,11:26:15,40.639908,-3.527691
VEH0049,2025-07-04,11:32:10,40.728571,-3.7013
VEH0049,2025-07-04,13:16:00,40.175446,-3.538545
VEH0049,2025-07-04,23:15:39,40.675627,-3.955779
VEH0049,2025-07-04,00:43:32,40.202769,-3.19773
VEH0049,2025-07-04,00:42:36,40.519409,-3.937092
VEH0049,2025-07-04,16:15:17,40.790078,-3.366495
VEH0049,2025-07-04,02:53:35,40.855599,-3.349353
VEH0049,2025-07-04,13:55:20,40.153382,-3.230903
VEH0050,2025-07-01,20:00:50,40.115572,-3.815059
VEH0050,2025-07-01,06:55:12,40.8015,-3.359328
VEH0050,2025-07-01,16:53:09,40.357944,-3.756349
VEH0050,2025-07-01,12:27:29,40.880051,-3.879153
VEH0050,2025-07-01,06:10:26,40.86888,-3.690568
VEH0050,2025-07-01,09:35:01,40.519644,-3.286333
VEH0050,2025-07-01,01:20:26,40.340982,-3.275003
VEH0050,2025-07-01,00:05:11,40.573264,-3.989622
VEH0050,2025-07-01,21:46:30,40.545428,-3.617376
VEH0050,2025-07-01,15:32:18,40.358666,-3.166214
VEH0050,2025-07-02,09:14:21,40.651834,-3.428807
VEH0050,2025-07-02,17:46:29,40.485639,-3.228969
VEH0050,2025-07-02,04:42:23,40.34218,-3.295938
VEH0050,2025-07-02,04:02:26,40.885439,-3.770475
VEH0050,2025-07-02,03:27:24,40.728217,-3.835874
VEH0050,2025-07-02,11:43:12,40.543011,-3.528927
VEH0050,2025-07-02,10:38:14,40.426695,-3.284634
VEH0050,2025-07-02,04:18:59,40.954724,-3.267155
VEH0050,2025-07-02,18:17:44,40.146657,-3.444145
VEH0050,2025-07-02,15:39:55,40.008229,-3.506729
VEH0050,2025-07-03,21:00:56,40.586963,-3.210676
VEH0050,2025-07-03,03:26:02,40.272906,-3.209086
VEH0050,2025-07-03,06:10:28,40.022028,-3.347814
VEH0050,2025-07-03,21:25:04,40.653189,-3.356349
VEH0050,2025-07-03,05:53:18,40.277887,-3.952921
VEH0050,2025-07-03,18:29:38,40.172718,-3.504641
VEH0050,2025-07-03,13:46:06,40.353536,-3.974253
VEH0050,2025-07-03,16:29:14,40.614193,-3.63648
VEH0050,2025-07-03,22:59:53,40.792357,-3.874466
VEH0050,2025-07-03,16:10:09,40.185927,-3.597724
VEH0050,2025-07-04,22:10:05,40.58147,-3.639288
VEH0050,2025-07-04,01:28:43,40.569468,-3.47552
VEH0050,2025-07-04,10:09:33,40.345756,-3.743189
VEH0050,2025-07-04,03:52:55,40.397256,-3.290124
VEH0050,2025-07-04,08:18:08,40.117458,-3.115821
VEH0050,2025-07-04,11:16:16,40.223898,-3.10044
VEH0050,2025-07-04,10:40:13,40.352087,-3.026694
VEH0050,2025-07-04,08:28:39,40.742098,-3.591102
VEH0050,2025-07-04,02:11:32,40.626532,-3.881101
VEH0050,2025-07-04,01:16:18,40.390962,-3.117265
